random-mating,leakage,fertility
0.5388947876760286,0.35926319178401905,0.21555791507041142
0.35289478767602855,0.357263191784019,0.20715791507041142
0.16689478767602858,0.355263191784019,0.1987579150704114
0.019105212323971207,0.35326319178401905,0.19035791507041142
0.20510521232397158,0.35126319178401905,0.18195791507041142
0.3911052123239715,0.349263191784019,0.17355791507041138
0.5771052123239713,0.347263191784019,0.16515791507041142
0.7368947876760282,0.34526319178401904,0.15675791507041145
0.5508947876760285,0.34326319178401904,0.1483579150704114
0.3648947876760286,0.34126319178401904,0.13995791507041141
0.17889478767602826,0.339263191784019,0.1315579150704114
0.007105212323970697,0.3372631917840191,0.12315791507041139
0.1931052123239714,0.33526319178401903,0.1147579150704114
0.37910521232397176,0.33326319178401903,0.10635791507041144
0.5651052123239719,0.33126319178401903,0.09795791507041139
0.7488947876760307,0.3292631917840191,0.08955791507041141
0.5628947876760283,0.3272631917840191,0.08115791507041138
0.3768947876760288,0.325263191784019,0.07275791507041139
0.19089478767602847,0.323263191784019,0.06435791507041141
0.004894787676027856,0.32126319178401896,0.055957915070411424
0.18110521232397123,0.3192631917840191,0.04755791507041145
0.36710521232397153,0.317263191784019,0.039157915070411456
0.553105212323971,0.315263191784019,0.03075791507041145
0.7391052123239713,0.31326319178401907,0.022357915070411395
0.5748947876760293,0.31126319178401907,0.01395791507041142
0.3888947876760289,0.30926319178401906,0.005557915070411379
0.20289478767602862,0.307263191784019,0.0028420849295886117
0.016894787676028283,0.305263191784019,0.011242084929588602
0.1691052123239719,0.30326319178401906,0.019642084929588608
0.3551052123239714,0.30126319178401906,0.0280420849295886
0.5411052123239717,0.299263191784019,0.03644208492958861
0.7271052123239713,0.297263191784019,0.04484208492958856
0.5868947876760285,0.29526319178401905,0.053242084929588554
0.40089478767602915,0.29326319178401905,0.06164208492958853
0.2148947876760288,0.29126319178401905,0.07004208492958852
0.028894787676028544,0.289263191784019,0.07844208492958851
0.15710521232397096,0.28726319178401905,0.08684208492958859
0.34310521232397123,0.28526319178401904,0.09524208492958858
0.5291052123239717,0.28326319178401904,0.10364208492958865
0.7151052123239718,0.28126319178401904,0.11204208492958863
0.5988947876760279,0.27926319178401904,0.1204420849295886
0.41289478767602755,0.27726319178401904,0.1288420849295886
0.22689478767602728,0.27526319178401903,0.1372420849295886
0.040894787676027014,0.27326319178401903,0.14564208492958858
0.1451052123239716,0.271263191784019,0.15404208492958857
0.33110521232397194,0.26926319178401903,0.16244208492958853
0.5171052123239723,0.267263191784019,0.1708420849295886
0.7031052123239725,0.265263191784019,0.17924208492958862
0.6108947876760289,0.2632631917840191,0.1876420849295886
0.42489478767602856,0.2612631917840191,0.19604208492958855
0.23889478767602823,0.259263191784019,0.20444208492958857
0.05289478767602794,0.257263191784019,0.21284208492958853
0.13310521232397235,0.255263191784019,0.22124208492958852
0.31910521232397093,0.25326319178401907,0.2296420849295885
0.505105212323973,0.251263191784019,0.2380420849295886
0.6911052123239733,0.249263191784019,0.24644208492958866
0.6228947876760265,0.247263191784019,0.25484208492958865
0.4368947876760279,0.24526319178401906,0.2632420849295886
0.2508947876760276,0.24326319178401903,0.27164208492958863
0.06489478767602733,0.24126319178401903,0.28004208492958854
0.121105212323973,0.239263191784019,0.28844208492958856
0.30710521232397336,0.237263191784019,0.29684208492958847
0.4931052123239719,0.23526319178401905,0.29475791507041144
0.6791052123239721,0.23326319178401902,0.2863579150704115
0.6348947876760275,0.231263191784019,0.2779579150704114
0.44889478767602725,0.22926319178401905,0.2695579150704114
0.2628947876760286,0.22726319178401905,0.26115791507041136
0.0768947876760283,0.22526319178401902,0.2527579150704114
0.109105212323972,0.22326319178401902,0.2443579150704114
0.2951052123239723,0.221263191784019,0.23595791507041144
0.4811052123239726,0.21926319178401904,0.22755791507041143
0.6671052123239712,0.21726319178401904,0.2191579150704113
0.6468947876760285,0.215263191784019,0.21075791507041144
0.4608947876760282,0.21326319178401906,0.20235791507041131
0.27489478767602793,0.21126319178401903,0.19395791507041152
0.08889478767602756,0.20926319178401903,0.18555791507041136
0.09710521232397269,0.20726319178401903,0.17715791507041137
0.283105212323973,0.205263191784019,0.16875791507041138
0.4691052123239733,0.203263191784019,0.16035791507041142
0.6551052123239736,0.20126319178401902,0.1519579150704114
0.6588947876760278,0.19926319178401902,0.14355791507041124
0.4728947876760292,0.19726319178401908,0.13515791507041144
0.28689478767602716,0.19526319178401905,0.1267579150704113
0.10089478767602861,0.19326319178401904,0.11835791507041148
0.08510521232397339,0.19126319178401902,0.1099579150704113
0.271105212323972,0.189263191784019,0.1015579150704115
0.45710521232397394,0.18726319178401898,0.09315791507041132
0.6431052123239726,0.18526319178401895,0.08475791507041135
0.6708947876760287,0.183263191784019,0.07635791507041136
0.4848947876760268,0.181263191784019,0.06795791507041121
0.2988947876760282,0.17926319178401906,0.05955791507041139
0.11289478767602625,0.17726319178401906,0.05115791507041124
0.07310521232397238,0.17526319178401903,0.04275791507041141
0.2591052123239744,0.173263191784019,0.034357915070411256
0.44510521232397293,0.171263191784019,0.025957915070411428
0.631105212323975,0.169263191784019,0.017557915070411323
0.6828947876760298,0.16726319178401905,0.009157915070411481
0.4968947876760279,0.16526319178401905,0.0007579150704115911
0.3108947876760292,0.16326319178401905,0.007642084929588483
0.12489478767602721,0.16126319178401904,0.016042084929588658
0.06110521232397133,0.15926319178401904,0.02444208492958843
0.24710521232397337,0.15726319178401904,0.03284208492958862
0.4331052123239719,0.15526319178401898,0.041242084929588425
0.619105212323974,0.15326319178401898,0.04964208492958858
0.6948947876760274,0.15126319178401904,0.05804208492958839
0.5088947876760289,0.14926319178401903,0.06644208492958854
0.3228947876760302,0.1472631917840191,0.07484208492958837
0.13689478767602822,0.14526319178401906,0.08324208492958853
0.04910521232397373,0.14326319178401903,0.09164208492958871
0.23510521232397236,0.14126319178401903,0.1000420849295885
0.42110521232397435,0.139263191784019,0.10844208492958865
0.6071052123239731,0.13726319178401897,0.11684208492958847
0.7068947876760252,0.13526319178401897,0.12524208492958863
0.5208947876760265,0.13326319178401902,0.13364208492958843
0.33489478767602787,0.13126319178401902,0.14204208492958859
0.14889478767602923,0.12926319178401904,0.1504420849295884
0.037105212323972764,0.12726319178401907,0.15884208492958857
0.22310521232397135,0.125263191784019,0.1672420849295884
0.40910521232397334,0.12326319178401904,0.17564208492958855
0.595105212323972,0.12126319178401898,0.1840420849295887
0.7188947876760261,0.11926319178401898,0.19244208492958853
0.5328947876760275,0.11726319178401903,0.2008420849295887
0.34689478767602544,0.115263191784019,0.2092420849295885
0.16089478767603024,0.11326319178401906,0.21764208492958864
0.02510521232397163,0.11126319178401906,0.22604208492958844
0.21110521232397034,0.10926319178401905,0.23444208492958862
0.39710521232397233,0.10726319178401902,0.24284208492958848
0.583105212323971,0.105263191784019,0.2512420849295886
0.7308947876760271,0.10326319178401899,0.25964208492958873
0.5448947876760251,0.10126319178401896,0.26804208492958853
0.35889478767602645,0.09926319178401893,0.2764420849295887
0.17289478767602445,0.0972631917840191,0.28484208492958857
0.013105212323970786,0.09526319178401907,0.2932420849295887
0.1991052123239727,0.09326319178401904,0.2983579150704113
0.3851052123239713,0.09126319178401901,0.2899579150704113
0.5711052123239733,0.08926319178401901,0.2815579150704115
0.7428947876760286,0.087263191784019,0.2731579150704114
0.5568947876760261,0.08526319178401898,0.2647579150704112
0.37089478767602746,0.08326319178401911,0.2563579150704114
0.18489478767602546,0.08126319178401892,0.2479579150704112
0.001105212323975105,0.07926319178401908,0.2395579150704114
0.18710521232397173,0.07726319178401905,0.23115791507041128
0.3731052123239703,0.075263191784019,0.22275791507041146
0.5591052123239724,0.073263191784019,0.2143579150704113
0.7451052123239708,0.07126319178401896,0.20595791507041147
0.5688947876760271,0.06926319178401896,0.19755791507041132
0.3828947876760285,0.06726319178401893,0.1891579150704115
0.19689478767602644,0.0652631917840191,0.18075791507041133
0.01089478767602807,0.06326319178401904,0.1723579150704115
0.17510521232397408,0.06126319178401904,0.16395791507041135
0.3611052123239727,0.05926319178401904,0.1555579150704112
0.5471052123239712,0.057263191784019035,0.1471579150704114
0.7331052123239732,0.055263191784019006,0.13875791507041124
0.580894787676028,0.05326319178401895,0.13035791507041142
0.39489478767602615,0.051263191784018974,0.12195791507041127
0.20889478767602754,0.04926319178401897,0.11355791507041144
0.022894787676025374,0.04726319178401908,0.10515791507041129
0.16310521232397307,0.045263191784019025,0.0967579150704115
0.34910521232397507,0.04326319178401905,0.08835791507041131
0.5351052123239737,0.04126319178401905,0.07995791507041151
0.7211052123239724,0.03926319178401899,0.07155791507041133
0.5928947876760258,0.03726319178401899,0.0631579150704112
0.4068947876760339,0.03526319178401896,0.05475791507041137
0.2208947876760285,0.03326319178401907,0.046357915070411565
0.0348947876760298,0.03126319178401896,0.03795791507041141
0.1511052123239687,0.029263191784019038,0.029557915070411233
0.3371052123239673,0.027263191784019064,0.02115791507041141
0.5231052123239659,0.025263191784019035,0.012757915070411602
0.7091052123239713,0.023263191784019033,0.004357915070411461
0.6048947876760301,0.021263191784018948,0.004042084929588713
0.41889478767603155,0.019263191784019168,0.012442084929588487
0.23289478767603294,0.017263191784018972,0.02084208492958866
0.04689478767602748,0.015263191784019137,0.0292420849295885
0.13910521232397105,0.013263191784018913,0.03764208492958861
0.3251052123239697,0.011263191784019105,0.0460420849295888
0.5111052123239683,0.009263191784018965,0.05444208492958861
0.6971052123239668,0.007263191784019102,0.06284208492958841
0.6168947876760278,0.005263191784019183,0.07124208492958856
0.4308947876760292,0.003263191784018571,0.07964208492958873
0.2448947876760305,0.0012631917840193185,0.08804208492958854
0.0588947876760319,0.000736808215979573,0.09644208492958871
0.12710521232397348,0.002736808215981129,0.10484208492958852
0.31310521232397204,0.00473680821598102,0.11324208492958868
0.4991052123239639,0.006736808215980772,0.1216420849295885
0.6851052123239693,0.008736808215980857,0.13004208492958866
0.6288947876760321,0.010736808215980942,0.13844208492958845
0.44289478767602675,0.012736808215981027,0.1468420849295886
0.2568947876760349,0.014736808215980973,0.15524208492958844
0.07089478767602954,0.01673680821598092,0.1636420849295886
0.115105212323969,0.018736808215981005,0.17204208492958842
0.3011052123239744,0.02073680821598095,0.18044208492958858
0.48710521232396625,0.022736808215980897,0.1888420849295884
0.6731052123239648,0.024736808215980954,0.19724208492958856
0.6408947876760298,0.02673680821598101,0.20564208492958871
0.4548947876760312,0.028736808215980986,0.2140420849295885
0.26889478767602576,0.030736808215980987,0.22244208492958864
0.08289478767603392,0.03273680821598102,0.2308420849295885
0.10310521232397145,0.034736808215980935,0.23924208492958865
0.28910521232397,0.03673680821598102,0.24764208492958847
0.4751052123239755,0.038736808215980884,0.25604208492958863
0.6611052123239672,0.04073680821598094,0.26444208492958843
0.6528947876760341,0.04273680821598097,0.2728420849295886
0.46689478767602877,0.044736808215981,0.28124208492958874
0.28089478767603016,0.046736808215981,0.2896420849295885
0.0948947876760316,0.048736808215980865,0.29804208492958834
0.09110521232396702,0.05073680821598106,0.2935579150704114
0.2771052123239724,0.052736808215980896,0.2851579150704113
0.46310521232397106,0.054736808215981064,0.27675791507041153
0.6491052123239697,0.05673680821598093,0.2683579150704117
0.6648947876760318,0.05873680821598096,0.2599579150704115
0.4788947876760332,0.060736808215981014,0.25155791507041136
0.2928947876760278,0.06273680821598099,0.2431579150704112
0.10689478767603594,0.06473680821598102,0.23475791507041174
0.07910521232396939,0.06673680821598088,0.22635791507041159
0.265105212323968,0.06873680821598105,0.21795791507041143
0.4511052123239734,0.07073680821598091,0.20955791507041124
0.637105212323972,0.07273680821598108,0.20115791507041145
0.6768947876760294,0.07473680821598094,0.19275791507041165
0.4908947876760308,0.07673680821598097,0.18435791507041147
0.3048947876760322,0.07873680821598097,0.17595791507041134
0.11889478767602675,0.080736808215981,0.16755791507041115
0.067105212323965,0.082736808215981,0.1591579150704117
0.2531052123239704,0.0847368082159809,0.15075791507041153
0.43910521232396904,0.08673680821598101,0.14235791507041137
0.6251052123239744,0.08873680821598093,0.13395791507041122
0.6888947876760338,0.09073680821598096,0.12555791507041175
0.5028947876760284,0.09273680821598093,0.11715791507041157
0.3168947876760298,0.09473680821598096,0.10875791507041144
0.1308947876760312,0.09673680821598099,0.10035791507041128
0.055105212323967326,0.09873680821598088,0.09195791507041146
0.24110521232396603,0.10073680821598102,0.08355791507041165
0.42710521232397136,0.10273680821598088,0.07515791507041149
0.61310521232397,0.10473680821598105,0.06675791507041133
0.7008947876760314,0.10673680821598092,0.058357915070411506
0.5148947876760328,0.10873680821598095,0.0499579150704117
0.3288947876760274,0.11073680821598098,0.041557915070411525
0.1428947876760288,0.11273680821598098,0.0331579150704114
0.04310521232396973,0.114736808215981,0.024757915070411213
0.2291052123239684,0.11673680821598087,0.016357915070411438
0.415105212323967,0.11873680821598101,0.007957915070411598
0.6011052123239724,0.12073680821598093,0.0004420849295877438
0.7128947876760292,0.12273680821598107,0.008842084929588717
0.5268947876760304,0.1247368082159809,0.017242084929588525
0.3408947876760318,0.12673680821598096,0.02564208492958835
0.1548947876760264,0.128736808215981,0.034042084929588504
0.03110521232397226,0.130736808215981,0.04244208492958866
0.21710521232396401,0.13273680821598105,0.05084208492958847
0.40310521232396934,0.13473680821598089,0.05924208492958863
0.589105212323968,0.13673680821598105,0.06764208492958845
0.7248947876760266,0.13873680821598094,0.0760420849295886
0.5388947876760348,0.14073680821598095,0.08444208492958839
0.35289478767602944,0.14273680821598095,0.09284208492958858
0.16689478767603078,0.14473680821598098,0.10124208492958837
0.019105212323974538,0.14673680821598098,0.10964208492958853
0.20510521232396633,0.14873680821598087,0.11804208492958836
0.391105212323965,0.150736808215981,0.1264420849295885
0.5771052123239704,0.1527368082159809,0.13484208492958868
0.7368947876760312,0.15473680821598107,0.14324208492958848
0.5508947876760257,0.15673680821598096,0.1516420849295886
0.36489478767603384,0.15873680821598096,0.16004208492958846
0.17889478767602843,0.16073680821598096,0.1684420849295886
0.007105212323969781,0.162736808215981,0.17684208492958842
0.19310521232397554,0.16473680821598102,0.18524208492958857
0.37910521232396743,0.1667368082159809,0.1936420849295884
0.5651052123239659,0.16873680821598103,0.20204208492958856
0.7488947876760307,0.17073680821598092,0.2104420849295887
0.56289478767603,0.17273680821598109,0.2188420849295885
0.37689478767603146,0.17473680821598095,0.22724208492958836
0.19089478767603285,0.17673680821598098,0.23564208492958852
0.004894787676027856,0.17873680821598098,0.24404208492958868
0.18110521232397114,0.180736808215981,0.2524420849295885
0.36710521232396975,0.18273680821598104,0.26084208492958827
0.5531052123239684,0.1847368082159809,0.2692420849295884
0.7391052123239673,0.18673680821598104,0.2776420849295886
0.5748947876760278,0.18873680821598093,0.2860420849295887
0.38889478767603586,0.19073680821598094,0.2944420849295886
0.20289478767603045,0.19273680821598096,0.2971579150704117
0.01689478767603203,0.194736808215981,0.28875791507041143
0.16910521232397352,0.196736808215981,0.2803579150704113
0.35510521232397213,0.198736808215981,0.27195791507041145
0.5411052123239708,0.20073680821598103,0.26355791507041165
0.7271052123239694,0.20273680821598092,0.25515791507041147
0.586894787676032,0.20473680821598106,0.24675791507041134
0.4008947876760267,0.20673680821598095,0.2383579150704112
0.21489478767603482,0.20873680821598095,0.22995791507041136
0.028894787676029376,0.21073680821598098,0.22155791507041156
0.15710521232396912,0.21273680821598098,0.2131579150704114
0.3431052123239745,0.214736808215981,0.20475791507041124
0.5291052123239663,0.21673680821598088,0.19635791507041145
0.7151052123239718,0.21873680821598104,0.18795791507041162
0.5988947876760298,0.2207368082159809,0.17955791507041147
0.41289478767603105,0.22273680821598107,0.17115791507041128
0.2268947876760325,0.22473680821598094,0.16275791507041149
0.04089478767603384,0.22673680821598097,0.15435791507041133
0.1451052123239715,0.22873680821598097,0.1459579150704115
0.3311052123239701,0.230736808215981,0.13755791507041135
0.5171052123239687,0.23273680821598103,0.12915791507041155
0.7031052123239674,0.2347368082159809,0.12075791507041138
0.6108947876760273,0.23673680821598106,0.11235791507041157
0.42489478767602873,0.23873680821598092,0.10395791507041141
0.23889478767603006,0.2407368082159811,0.09555791507041125
0.05289478767603144,0.24273680821598095,0.08715791507041144
0.13310521232396716,0.24473680821598098,0.07875791507041127
0.3191052123239725,0.24673680821598099,0.07035791507041145
0.5051052123239711,0.24873680821598101,0.06195791507041129
0.6911052123239697,0.25073680821598104,0.0535579150704115
0.6228947876760318,0.2527368082159809,0.04515791507041134
0.4368947876760263,0.25473680821598105,0.03675791507041152
0.2508947876760277,0.25673680821598094,0.028357915070411365
0.06489478767602912,0.25873680821598094,0.019957915070411558
0.12110521232396951,0.260736808215981,0.011557915070411416
0.3071052123239681,0.262736808215981,0.0031579150704111767
0.49310521232397353,0.264736808215981,0.005242084929588514
0.6791052123239654,0.2667368082159809,0.013642084929588388
0.6348947876760292,0.26873680821598106,0.022042084929588528
0.44889478767603075,0.2707368082159809,0.030442084929588702
0.2628947876760253,0.27273680821598106,0.03884208492958852
0.0768947876760335,0.27473680821598095,0.047242084929588334
0.10910521232397187,0.27673680821598096,0.05564208492958849
0.29510521232397047,0.278736808215981,0.06404208492958864
0.4811052123239691,0.280736808215981,0.07244208492958878
0.6671052123239745,0.282736808215981,0.08084208492958861
0.6468947876760269,0.284736808215981,0.08924208492958877
0.46089478767602154,0.2867368082159811,0.09764208492958891
0.2748947876760365,0.2887368082159809,0.1060420849295884
0.0888947876760311,0.29073680821598097,0.11444208492958823
0.09710521232396749,0.29273680821598097,0.12284208492958837
0.28310521232397967,0.29473680821598097,0.13124208492958853
0.4691052123239782,0.29673680821598103,0.13964208492958868
0.6551052123239769,0.29873680821598103,0.14804208492958884
0.6588947876760245,0.30073680821598103,0.15644208492958867
0.47289478767601234,0.30273680821598103,0.1648420849295888
0.28689478767602733,0.3047368082159809,0.17324208492958829
0.10089478767602869,0.3067368082159809,0.18164208492958844
0.08510521232396985,0.308736808215981,0.19004208492958827
0.27110521232398205,0.310736808215981,0.19844208492958842
0.4571052123239806,0.312736808215981,0.20684208492958892
0.6431052123239793,0.31473680821598105,0.21524208492958907
0.6708947876760221,0.31673680821598105,0.22364208492958923
0.48489478767602356,0.31873680821598105,0.2320420849295887
0.29889478767602495,0.32073680821598094,0.24044208492958818
0.11289478767602633,0.32273680821598094,0.24884208492958834
0.07310521232397221,0.32473680821598094,0.2572420849295885
0.2591052123239708,0.32673680821598095,0.26564208492958863
0.44510521232398303,0.328736808215981,0.2740420849295888
0.6311052123239818,0.330736808215981,0.28244208492958894
0.6828947876760199,0.332736808215981,0.290842084929589
0.49689478767602113,0.33473680821598106,0.2992420849295897
0.3108947876760225,0.33673680821598106,0.2923579150704112
0.12489478767602397,0.33873680821598096,0.2839579150704118
0.061105212323974575,0.34073680821598096,0.27555791507041166
0.24710521232397326,0.34273680821598096,0.2671579150704115
0.43310521232397187,0.34473680821598096,0.25875791507041135
0.619105212323984,0.346736808215981,0.25035791507041116
0.6948947876760173,0.348736808215981,0.241957915070411
0.5088947876760188,0.3507368082159811,0.23355791507041085
0.3228947876760202,0.3527368082159811,0.22515791507041066
0.13689478767603513,0.3547368082159809,0.2167579150704112
0.04910521232397698,0.35673680821598097,0.2083579150704117
0.2351052123239756,0.358736808215981,0.19995791507041158
0.42110521232397424,0.360736808215981,0.1915579150704114
0.6071052123239729,0.362736808215981,0.18315791507041126
0.706894787676015,0.364736808215981,0.17475791507041108
0.5208947876760164,0.36673680821598104,0.16635791507041095
0.33489478767601777,0.36873680821598104,0.15795791507041076
0.14889478767601916,0.37073680821598104,0.14955791507041064
0.03710521232396577,0.37273680821598093,0.14115791507041117
0.223105212323978,0.374736808215981,0.13275791507041101
0.40910521232397656,0.376736808215981,0.12435791507041084
0.5951052123239752,0.378736808215981,0.11595791507041137
0.7188947876760261,0.380736808215981,0.1075579150704112
0.532894787676014,0.382736808215981,0.09915791507041107
0.34689478767601545,0.38473680821598105,0.09075791507041091
0.16089478767601678,0.38673680821598105,0.08235791507041072
0.02510521232396809,0.3887368082159809,0.07395791507041127
0.21110521232396678,0.39073680821598095,0.06555791507041112
0.397105212323979,0.392736808215981,0.05715791507041096
0.5831052123239777,0.394736808215981,0.0487579150704108
0.7308947876760239,0.396736808215981,0.040357915070411324
0.5448947876760253,0.398736808215981,0.031957915070411166
0.358894787676013,0.40073680821598107,0.023557915070410995
0.17289478767601443,0.402736808215981,0.015157915070410886
0.013105212323970786,0.4047368082159809,0.006757915070411313
0.19910521232396922,0.4067368082159809,0.0016420849295886773
0.3851052123239678,0.4087368082159809,0.01004208492958895
0.5711052123239799,0.410736808215981,0.01844208492958909
0.7428947876760214,0.41273680821598097,0.026842084929589248
0.5568947876760229,0.41473680821598097,0.035242084929588725
0.37089478767602424,0.416736808215981,0.04364208492958886
0.18489478767601208,0.418736808215981,0.05204208492958904
0.0011052123239865541,0.42073680821598103,0.06044208492958918
0.18710521232397156,0.4227368082159809,0.06884208492958865
0.3731052123239702,0.4247368082159809,0.0772420849295888
0.5591052123239688,0.426736808215981,0.08564208492958897
0.7451052123239812,0.428736808215981,0.09404208492958914
0.5688947876760204,0.43073680821598104,0.10244208492958928
0.38289478767602186,0.43273680821598104,0.11084208492958876
0.1968947876760232,0.43473680821598104,0.1192420849295889
0.01089478767601125,0.43673680821598104,0.12764208492958906
0.17510521232397397,0.43873680821598093,0.13604208492958855
0.3611052123239726,0.44073680821598094,0.1444420849295887
0.5471052123239711,0.44273680821598094,0.15284208492958887
0.7331052123239699,0.444736808215981,0.161242084929589
0.580894787676018,0.44673680821598094,0.16964208492958918
0.3948947876760195,0.44873680821598105,0.17804208492958934
0.2088947876760208,0.45073680821598106,0.18644208492958883
0.022894787676022335,0.45273680821598106,0.19484208492958896
0.16310521232398995,0.45473680821598106,0.2032420849295891
0.34910521232397496,0.45673680821598095,0.21164208492958858
0.5351052123239737,0.45873680821598095,0.22004208492958874
0.7211052123239721,0.46073680821598095,0.22844208492958892
0.5928947876760292,0.462736808215981,0.23684208492958905
0.40689478767601706,0.46473680821598096,0.2452420849295892
0.22089478767601847,0.46673680821598096,0.2536420849295894
0.034894787676019806,0.46873680821598107,0.2620420849295888
0.15110521232397872,0.4707368082159811,0.270442084929589
0.3371052123239774,0.47273680821598096,0.27884208492958845
0.5231052123239759,0.47473680821598097,0.28724208492958864
0.7091052123239745,0.47673680821598097,0.29564208492958877
0.6048947876760269,0.4787368082159811,0.295957915070411
0.4188947876760282,0.48073680821598097,0.2875579150704109
0.23289478767601607,0.48273680821598103,0.27915791507041077
0.0468947876760174,0.4847368082159811,0.2707579150704106
0.13910521232398115,0.4867368082159811,0.2623579150704111
0.32510521232396616,0.48873680821598087,0.2539579150704116
0.5111052123239783,0.49073680821598104,0.24555791507041147
0.6971052123239772,0.49273680821598087,0.2371579150704113
0.6168947876760245,0.4947368082159808,0.22875791507041113
0.4308947876760259,0.49673680821598054,0.220357915070411
0.2448947876760273,0.49873680821598065,0.21195791507041087
0.058894787676015,0.49926319178402045,0.20355791507041068
0.12710521232398347,0.4972631917840189,0.19515791507041055
0.31310521232398214,0.495263191784019,0.18675791507041106
0.4991052123239672,0.49326319178401923,0.1783579150704116
0.6851052123239794,0.4912631917840191,0.16995791507041141
0.628894787676022,0.48926319178401906,0.16155791507041128
0.4428947876760235,0.487263191784019,0.1531579150704111
0.2568947876760248,0.485263191784019,0.14475791507041097
0.07089478767602625,0.4832631917840191,0.13635791507041078
0.11510521232398586,0.481263191784019,0.12795791507041065
0.30110521232398446,0.4792631917840189,0.1195579150704105
0.4871052123239696,0.4772631917840191,0.1111579150704117
0.6731052123239682,0.47526319178401905,0.10275791507041153
0.6408947876760198,0.4732631917840189,0.09435791507041137
0.4548947876760211,0.471263191784019,0.08595791507041121
0.2688947876760225,0.4692631917840192,0.07755791507041107
0.08289478767602389,0.467263191784019,0.0691579150704109
0.1031052123239747,0.4652631917840188,0.06075791507041078
0.2891052123239869,0.463263191784019,0.052357915070410585
0.4751052123239855,0.4612631917840191,0.04395791507041045
0.6611052123239706,0.4592631917840192,0.03555791507041165
0.6528947876760309,0.45726319178401903,0.027157915070411497
0.46689478767601866,0.455263191784019,0.018757915070411305
0.2808947876760201,0.45326319178401897,0.0103579150704112
0.0948947876760214,0.4512631917840192,0.0019579150704111424
0.09110521232397714,0.44926319178401897,0.006442084929589198
0.2771052123239757,0.44726319178401885,0.014842084929589255
0.4631052123239879,0.44526319178401896,0.023242084929589395
0.6491052123239729,0.4432631917840191,0.0316420849295889
0.6648947876760285,0.4412631917840192,0.04004208492958838
0.47889478767602994,0.43926319178401907,0.048442084929588534
0.29289478767601773,0.4372631917840189,0.05684208492958869
0.10689478767601908,0.43526319178401895,0.06524208492958887
0.0791052123239795,0.4332631917840192,0.073642084929589
0.2651052123239781,0.431263191784019,0.08204208492958916
0.4511052123239767,0.42926319178401884,0.09044208492958934
0.6371052123239753,0.42726319178401895,0.0988420849295888
0.6768947876760261,0.42526319178401906,0.10724208492958895
0.49089478767602757,0.4232631917840192,0.11564208492958843
0.30489478767602884,0.42126319178401905,0.12404208492958858
0.11889478767601676,0.4192631917840189,0.13244208492958873
0.06710521232398178,0.417263191784019,0.14084208492958888
0.2531052123239804,0.41526319178401916,0.14924208492958904
0.43910521232397914,0.413263191784019,0.15764208492958923
0.6251052123239778,0.4112631917840188,0.16604208492958936
0.6888947876760239,0.40926319178401893,0.17444208492958885
0.5028947876760251,0.40726319178401904,0.182842084929589
0.3168947876760265,0.4052631917840192,0.1912420849295885
0.1308947876760279,0.40326319178401904,0.19964208492958863
0.05510521232398431,0.40126319178401887,0.2080420849295888
0.24110521232398285,0.399263191784019,0.21644208492958894
0.42710521232398146,0.39726319178401914,0.22484208492958913
0.61310521232398,0.3952631917840189,0.23324208492958926
0.700894787676035,0.3932631917840191,0.24164208492958872
0.5148947876760227,0.3912631917840189,0.25004208492958885
0.32889478767602415,0.389263191784019,0.2584420849295891
0.14289478767602554,0.38726319178401913,0.26684208492958855
0.0431052123239731,0.385263191784019,0.2752420849295887
0.22910521232398523,0.38326319178401885,0.2836420849295888
0.41510521232398384,0.381263191784019,0.29204208492958905
0.6011052123239825,0.37926319178401907,0.2995579150704099
0.712894787676019,0.37726319178401896,0.2911579150704107
0.5268947876760339,0.3752631917840191,0.28275791507041126
0.34089478767602177,0.3732631917840189,0.274357915070411
0.15489478767602316,0.37126319178401906,0.2659579150704109
0.031105212323975506,0.3692631917840192,0.2575579150704114
0.217105212323974,0.367263191784019,0.2491579150704113
0.4031052123239862,0.36526319178401884,0.2407579150704111
0.5891052123239848,0.36326319178401895,0.23235791507041093
0.7248947876760166,0.3612631917840191,0.2239579150704108
0.4160002218320882,0.2773334812213921,0.16640008873283527
0.4130002218320882,0.15333348122139215,0.1580000887328353
0.4100002218320882,0.029333481221392094,0.14960008873283526
0.4070002218320883,0.0946665187786078,0.14120008873283527
0.40400022183208817,0.21866651877860788,0.13280008873283528
0.40100022183208817,0.3426665187786078,0.12440008873283526
0.39800022183208816,0.46666651877860776,0.11600008873283527
0.39500022183208827,0.40933348122139207,0.10760008873283525
0.39200022183208827,0.2853334812213922,0.09920008873283527
0.38900022183208816,0.16133348122139224,0.09080008873283527
0.38600022183208815,0.037333481221392045,0.08240008873283526
0.38300022183208826,0.08666651877860787,0.0740000887328353
0.38000022183208826,0.2106665187786078,0.06560008873283522
0.37700022183208814,0.334666518778608,0.05720008873283524
0.37400022183208814,0.4586665187786082,0.04880008873283526
0.37100022183208825,0.4173334812213919,0.04040008873283526
0.36800022183208825,0.29333348122139197,0.03200008873283527
0.3650002218320882,0.16933348122139208,0.023600088732835294
0.3620002218320882,0.04533348122139241,0.01520008873283532
0.35900022183208824,0.07866651877860775,0.006800088732835196
0.35600022183208824,0.20266651877860797,0.001599911267164461
0.35300022183208823,0.3266665187786082,0.009999911267164685
0.3500002218320882,0.4506665187786078,0.01839991126716471
0.3470002218320881,0.42533348122139203,0.026799911267164783
0.3440002218320882,0.30133348122139236,0.03519991126716477
0.3410002218320882,0.17733348122139214,0.04359991126716473
0.33800022183208817,0.053333481221391976,0.05199991126716474
0.33500022183208816,0.07066651877860822,0.06039991126716471
0.3320002218320882,0.1946665187786084,0.0687999112671647
0.3290002218320882,0.3186665187786081,0.0771999112671647
0.3260002218320882,0.4426665187786083,0.08559991126716468
0.32300022183208815,0.43333348122139215,0.09399991126716467
0.3200002218320882,0.3093334812213919,0.10239991126716473
0.3170002218320882,0.1853334812213923,0.11079991126716474
0.3140002218320882,0.06133348122139207,0.11919991126716471
0.3110002218320882,0.06266651877860813,0.1275999112671647
0.30800022183208825,0.18666651877860774,0.13599991126716476
0.3050002218320882,0.31066651877860796,0.14439991126716475
0.3020002218320882,0.4346665187786076,0.15279991126716475
0.2990002218320882,0.44133348122139227,0.1611999112671647
0.29600022183208813,0.31733348122139204,0.16959991126716473
0.2930002218320882,0.19333348122139182,0.1779999112671647
0.2900002218320882,0.0693334812213916,0.1863999112671647
0.2870002218320882,0.054666518778608536,0.19479991126716467
0.28400022183208823,0.17866651877860762,0.20319991126716466
0.2810002218320882,0.30266651877860784,0.21159991126716474
0.27800022183208817,0.42666651877860806,0.2199999112671648
0.27500022183208817,0.4493334812213918,0.2283999112671648
0.27200022183208816,0.3253334812213927,0.23679991126716476
0.2690002218320882,0.2013334812213925,0.24519991126716476
0.2660002218320882,0.07733348122139233,0.25359991126716475
0.26300022183208815,0.04666651877860789,0.2619999112671647
0.26000022183208826,0.1706665187786081,0.2703999112671647
0.2570002218320882,0.29466651877860717,0.2787999112671647
0.2540002218320882,0.4186665187786085,0.2871999112671647
0.25100022183208814,0.45733348122139134,0.29559991126716495
0.2480002218320882,0.3333334812213911,0.2960000887328351
0.2450002218320881,0.20933348122139203,0.28760008873283516
0.2420002218320882,0.08533348122139181,0.27920008873283514
0.2390002218320882,0.03866651877860838,0.27080008873283523
0.23600022183208813,0.16266651877860855,0.2624000887328352
0.23300022183208827,0.28666651877860877,0.2540000887328352
0.23000022183208824,0.4106665187786078,0.24560008873283523
0.22700022183208818,0.46533348122139195,0.23720008873283527
0.22400022183208818,0.3413334812213918,0.22880008873283525
0.22100022183208812,0.21733348122139157,0.22040008873283531
0.21800022183208823,0.09333348122139251,0.2120000887328353
0.21500022183208817,0.030666518778607682,0.2036000887328353
0.21200022183208816,0.15466651877860788,0.19520008873283531
0.20900022183208825,0.2786665187786081,0.18680008873283535
0.20600022183208816,0.40266651877860826,0.17840008873283533
0.20300022183208816,0.4733334812213926,0.1700000887328352
0.20000022183208815,0.34933348122139246,0.16160008873283518
0.19700022183208815,0.22533348122139224,0.15320008873283522
0.19400022183208823,0.10133348122139205,0.14480008873283526
0.19100022183208815,0.02266651877860812,0.13640008873283527
0.18800022183208814,0.14666651877860834,0.12800008873283528
0.1850002218320882,0.27066651877860853,0.11960008873283529
0.18200022183208825,0.39466651877860875,0.11120008873283528
0.1790002218320882,0.4813334812213911,0.10280008873283532
0.1760002218320882,0.35733348122139197,0.09440008873283513
0.17300022183208813,0.2333334812213929,0.08600008873283534
0.17000022183208813,0.10933348122139161,0.07760008873283515
0.1670002218320883,0.01466651877860739,0.06920008873283537
0.16400022183208807,0.1386665187786088,0.06080008873283521
0.16100022183208823,0.26266651877860786,0.0524000887328354
0.1580002218320882,0.3866665187786092,0.044000088732835244
0.15500022183208823,0.48933348122139175,0.03560008873283525
0.1520002218320882,0.36533348122139264,0.027200088732835265
0.14900022183208816,0.24133348122139134,0.018800088732835108
0.1460002218320881,0.11733348122139228,0.010400088732835317
0.1430002218320881,0.006666518778608993,0.002000088732835309
0.14000022183208835,0.13066651877860813,0.006399911267164798
0.13700022183208804,0.25466651877860946,0.014799911267164805
0.13400022183208826,0.3786665187786085,0.02319991126716481
0.1310002218320882,0.4973334812213904,0.03159991126716477
0.1280002218320882,0.3733334812213933,0.039999911267164776
0.12500022183208814,0.249333481221392,0.048399911267164766
0.12200022183208817,0.12533348122139293,0.05679991126716474
0.11900022183208808,0.0013334812213917357,0.06519991126716475
0.11600022183208804,0.12266651877860746,0.07359991126716472
0.11300022183208824,0.2466665187786088,0.0819999112671649
0.1100002218320882,0.37066651877860785,0.0903999112671647
0.10700022183208824,0.49466651877860934,0.09879991126716486
0.10400022183208815,0.38133348122139177,0.10719991126716467
0.10100022183208815,0.25733348122139266,0.11559991126716482
0.0980002218320881,0.1333334812213936,0.12399991126716464
0.0950002218320881,0.009333481221392409,0.1323999112671648
0.09200022183208806,0.11466651877860903,0.1407999112671648
0.0890002218320881,0.23866651877860812,0.14919991126716478
0.08600022183208826,0.36266651877860945,0.15759991126716494
0.08300022183208822,0.48666651877860845,0.16599991126716476
0.08000022183208817,0.3893334812213901,0.1743999112671649
0.07700022183208813,0.2653334812213911,0.1827999112671647
0.07400022183208813,0.141333481221392,0.19119991126716487
0.07100022183208816,0.017333481221393,0.19959991126716473
0.06800022183208808,0.10666651877860836,0.20799991126716486
0.06500022183208833,0.23066651877860744,0.21639991126716465
0.06200022183208807,0.3546665187786088,0.22479991126716484
0.05900022183208824,0.4786665187786079,0.2331999112671648
0.05600022183208819,0.39733348122139084,0.2415999112671648
0.05300022183208815,0.2733334812213918,0.24999991126716478
0.05000022183208819,0.1493334812213904,0.2583999112671648
0.047000221832088226,0.025333481221393644,0.26679991126716474
0.04400022183208814,0.09866651877860769,0.2751999112671647
0.04100022183208814,0.22266651877860677,0.2835999112671647
0.0380002218320883,0.3466665187786081,0.2919999112671647
0.035000221832088216,0.4706665187786071,0.2996000887328354
0.03200022183208817,0.40533348122139146,0.29120008873283515
0.029000221832088252,0.2813334812213902,0.2828000887328352
0.02600022183208829,0.1573334812213911,0.27440008873283517
0.023000221832088122,0.03333348122138971,0.2660000887328352
0.020000221832088244,0.09066651877860704,0.2576000887328352
0.01700022183208799,0.21466651877860837,0.2492000887328352
0.014000221832088156,0.33866651877860743,0.24080008873283523
0.011000221832088236,0.46266651877860876,0.23240008873283524
0.008000221832088358,0.4133334812213922,0.22400008873283525
0.005000221832088272,0.28933348122139085,0.21560008873283512
0.0020002218320876036,0.16533348122139177,0.20720008873283527
0.000999778167911483,0.04133348122139041,0.19880008873283514
0.003999778167911153,0.08266651877860864,0.19040008873283532
0.006999778167912238,0.2066665187786077,0.18200008873283516
0.009999778167911574,0.33066651877860676,0.17360008873283517
0.012999778167911952,0.4546665187786081,0.1652000887328352
0.01599977816791162,0.4213334812213928,0.15680008873283519
0.018999778167911666,0.2973334812213915,0.14840008873283522
0.02199977816791167,0.17333348122139244,0.14000008873283523
0.024999778167911713,0.049333481221391084,0.13160008873283524
0.02799977816791184,0.07466651877860794,0.12320008873283525
0.030999778167911843,0.19866651877860927,0.11480008873283544
0.033999778167911845,0.32266651877860836,0.10640008873283528
0.03699977816791168,0.44666651877860747,0.09800008873283513
0.039999778167911976,0.42933348122139126,0.0896000887328353
0.04299977816791173,0.3053334812213922,0.08120008873283516
0.04599977816791177,0.18133348122139087,0.07280008873283533
0.048999778167911734,0.05733348122139176,0.06440008873283518
0.05199977816791182,0.06666651877860952,0.05600008873283537
0.054999778167911864,0.1906665187786086,0.04760008873283518
0.05799977816791191,0.31466651877860996,0.03920008873283538
0.06099977816791191,0.43866651877860907,0.030800088732835233
0.06399977816791166,0.43733348122139193,0.022400088732835076
0.06699977816791196,0.3133334812213929,0.014000088732835286
0.06999977816791175,0.1893334812213938,0.005600088732835446
0.07299977816791176,0.06533348122139468,0.0027999112671645288
0.0759997781679118,0.05866651877860882,0.01119991126716482
0.07899977816791189,0.18266651877860793,0.01959991126716466
0.08199977816791185,0.306666518778607,0.027999911267164466
0.08499977816791172,0.43066651877860607,0.03639991126716464
0.08799977816791194,0.4453334812213904,0.044799911267164795
0.09099977816791173,0.32133348122139127,0.05319991126716495
0.09399977816791177,0.19733348122139222,0.06159991126716443
0.09699977816791178,0.07333348122139313,0.06999991126716458
0.09999977816791182,0.05066651877861042,0.07839991126716472
0.10299977816791182,0.1746665187786095,0.08679991126716488
0.10599977816791178,0.2986665187786086,0.0951999112671647
0.10899977816791183,0.42266651877860767,0.10359991126716453
0.1119997781679117,0.4533334812213933,0.11199991126716469
0.11499977816791192,0.32933348122138967,0.12039991126716484
0.11799977816791175,0.2053334812213906,0.128799911267165
0.12099977816791176,0.08133348122139153,0.13719991126716446
0.1239997781679118,0.042666518778607526,0.14559991126716462
0.1269997781679118,0.1666665187786111,0.15399991126716478
0.12999977816791186,0.29066651877861016,0.16239991126716494
0.13299977816791164,0.4146665187786047,0.17079991126716476
0.1359997781679119,0.46133348122139173,0.17919991126716492
0.13899977816791173,0.3373334812213926,0.18759991126716474
0.1419997781679119,0.213333481221389,0.1959999112671649
0.14499977816791176,0.08933348122139448,0.20439991126716472
0.14799977816791177,0.03466651877860913,0.21279991126716485
0.15099977816791177,0.15866651877860816,0.22119991126716468
0.15399977816791183,0.28266651877861176,0.22959991126716484
0.15699977816791189,0.40666651877860627,0.2379999112671647
0.15999977816791167,0.4693334812213946,0.24639991126716482
0.1629997781679119,0.345333481221391,0.25479991126716495
0.16599977816791173,0.22133348122139196,0.26319991126716474
0.16899977816791195,0.09733348122138835,0.27159991126716493
0.17199977816791176,0.02666651877860618,0.2799999112671648
0.17499977816791176,0.15066651877860976,0.28839991126716485
0.1779997781679118,0.2746665187786088,0.29679991126716465
0.18099977816791185,0.3986665187786124,0.2948000887328352
0.1839997781679119,0.47733348122139296,0.28640008873283535
0.1869997781679117,0.35333348122139396,0.27800008873283516
0.18999977816791191,0.22933348122139036,0.269600088732835
0.19299977816791178,0.10533348122139127,0.2612000887328352
0.19599977816791175,0.018666518778607755,0.2528000887328353
0.19899977816791178,0.14266651877860684,0.2444000887328352
0.20199977816791181,0.2666665187786104,0.236000088732835
0.20499977816791187,0.3906665187786095,0.22760008873283524
0.20799977816791163,0.4853334812213914,0.21920008873283542
0.21099977816791188,0.36133348122139236,0.21080008873283523
0.21399977816791171,0.2373334812213933,0.2024000887328351
0.21699977816791197,0.11333348122138967,0.19400008873283495
0.21999977816791177,0.010666518778604861,0.18560008873283546
0.2229997781679118,0.1346665187786084,0.1772000887328353
0.2259997781679118,0.25866651877860747,0.16880008873283514
0.22899977816791184,0.38266651877861113,0.16040008873283498
0.2319997781679119,0.49333348122138976,0.1520000887328352
0.23499977816791168,0.36933348122139076,0.14360008873283536
0.23799977816791196,0.2453334812213917,0.1352000887328352
0.24099977816791174,0.12133348122139262,0.12680008873283505
0.243999778167912,0.0026665187786105993,0.11840008873283489
0.2469997781679118,0.12666651877860546,0.11000008873283541
0.24999977816791183,0.25066651877860907,0.10160008873283526
0.25299977816791186,0.3746665187786082,0.0932000887328351
0.25599977816791186,0.49866651877861246,0.08480008873283497
0.25899977816791186,0.3773334812213937,0.07640008873283548
0.26199977816791165,0.2533334812213901,0.06800008873283532
0.2649997781679119,0.12933348122139104,0.059600088732835156
0.26799977816791176,0.005333481221392239,0.051200088732834985
0.27099977816791176,0.1186665187786071,0.042800088732835195
0.2739997781679118,0.24266651877860615,0.034400088732835385
0.2769997781679119,0.3666665187786098,0.026000088732835214
0.2799997781679119,0.4906665187786088,0.017600088732835088
0.28299977816791166,0.3853334812213921,0.009200088732835248
0.2859997781679119,0.26133348122139305,0.0008000887328350415
0.28899977816791167,0.13733348122138944,0.007599911267164666
0.29199977816791195,0.01333348122139047,0.015999911267164855
0.2949997781679118,0.11066651877860867,0.024399911267165012
0.2979997781679118,0.23466651877860775,0.03279991126716484
0.30099977816791185,0.3586665187786068,0.041199911267164664
0.30399977816791185,0.48266651877861044,0.04959991126716482
0.3069997781679119,0.39333348122139056,0.05799991126716497
0.3099997781679117,0.26933348122139145,0.0663999112671648
0.3129997781679119,0.1453334812213924,0.0747999112671646
0.3159997781679117,0.02133348122138884,0.08319991126716475
0.318999778167912,0.10266651877861027,0.09159991126716492
0.32199977816791175,0.2266665187786048,0.09999991126716473
0.3249997781679118,0.35066651877860844,0.10839991126716489
0.3279997781679118,0.47466651877860744,0.11679991126716471
0.3309997781679119,0.40133348122138895,0.12519991126716484
0.3339997781679119,0.2773334812213944,0.13359991126716467
0.3369997781679117,0.1533334812213908,0.14199991126716482
0.33999977816791194,0.029333481221391705,0.15039991126716465
0.3429997781679117,0.09466651877861185,0.1587999112671648
0.3459997781679117,0.2186665187786064,0.16719991126716463
0.3489997781679118,0.34266651877860543,0.17559991126716476
0.35199977816791184,0.4666665187786091,0.18399991126716495
0.35499977816791184,0.4093334812213919,0.19239991126716474
0.3579997781679119,0.2853334812213883,0.20079991126716493
0.3609997781679119,0.16133348122139374,0.20919991126716472
0.36399977816791174,0.03733348122139013,0.21759991126716485
0.36699977816791196,0.08666651877860893,0.2259999112671647
0.36999977816791174,0.2106665187786125,0.23439991126716483
0.37299977816791174,0.3346665187786071,0.2427999112671647
0.37599977816791175,0.45866651877860615,0.25119991126716484
0.37899977816791186,0.4173334812213903,0.259599911267165
0.38199977816791186,0.29333348122139125,0.26799991126716477
0.3849997781679117,0.16933348122139213,0.2763999112671646
0.387999778167912,0.045333481221393024,0.2847999112671648
0.3909997781679117,0.07866651877861053,0.29319991126716494
0.393999778167912,0.20266651877860958,0.2984000887328355
0.39699977816791177,0.32666651877860864,0.29000008873283545
0.39999977816791177,0.45066651877860775,0.2816000887328353
0.40299977816791177,0.42533348122139325,0.27320008873283513
0.4059997781679119,0.30133348122138964,0.26480008873283495
0.4089997781679119,0.17733348122139508,0.25640008873283515
0.4119997781679117,0.05333348122139148,0.24800008873283533
0.4149997781679119,0.07066651877860755,0.2396000887328352
0.41799977816791173,0.19466651877861116,0.231200088732835
0.420999778167912,0.31866651877861024,0.22280008873283522
0.4239997781679118,0.4426665187786093,0.21440008873283536
0.4269997781679118,0.43333348122139165,0.20600008873283523
0.4299997781679118,0.3093334812213926,0.1976000887328351
0.4329997781679119,0.18533348122138896,0.18920008873283492
0.4359997781679119,0.0613334812213944,0.18080008873283512
0.43899977816791175,0.06266651877860918,0.1724000887328353
0.4419997781679119,0.18666651877860824,0.16400008873283514
0.44499977816791175,0.31066651877861184,0.15560008873283498
0.44799977816791176,0.4346665187786064,0.14720008873283516
0.4509997781679118,0.44133348122139004,0.13880008873283534
0.4539997781679118,0.317333481221391,0.13040008873283518
0.4569997781679118,0.1933334812213919,0.12200008873283502
0.4599997781679117,0.06933348122139282,0.11360008873283522
0.46299977816791194,0.054666518778606205,0.10520008873283507
0.46599977816791177,0.17866651877860984,0.09680008873283524
0.46899977816791194,0.3026665187786089,0.0884000887328351
0.4719997781679118,0.42666651877860795,0.08000008873283526
0.4749997781679118,0.44933348122139294,0.0716000887328351
0.47799977816791184,0.3253334812213894,0.06320008873283528
0.48099977816791184,0.2013334812213903,0.05480008873283514
0.48399977816791184,0.07733348122139125,0.04640008873283498
0.48699977816791173,0.046666518778607835,0.038000088732835155
0.48999977816791196,0.1706665187786069,0.029600088732835015
0.4929997781679118,0.2946665187786105,0.02120008873283519
0.49599977816791196,0.41866651877860955,0.012800088732835035
0.4989997781679118,0.4573334812213914,0.004400088732835294
0.5019997781679117,0.33333348122139234,0.00399991126716488
0.5049997781679119,0.20933348122138873,0.012399911267164736
0.5079997781679119,0.08533348122138967,0.020799911267164878
0.5109997781679119,0.03866651877860941,0.029199911267164702
0.5139997781679118,0.1626665187786085,0.03759991126716487
0.516999778167912,0.28666651877860755,0.045999911267164996
0.5199997781679118,0.41066651877861116,0.05439991126716484
0.5229997781679119,0.46533348122139434,0.06279991126716467
0.5259997781679118,0.34133348122139073,0.07119991126716482
0.5289997781679119,0.21733348122139165,0.07959991126716497
0.5319997781679118,0.09333348122138807,0.08799991126716479
0.5349997781679117,0.03066651877860646,0.09639991126716459
0.5379997781679119,0.15466651877861007,0.10479991126716474
0.5409997781679118,0.27866651877860915,0.1131999112671649
0.543999778167912,0.4026665187786082,0.12159991126716506
0.5469997781679118,0.4733334812213882,0.1299999112671649
0.549999778167912,0.34933348122138913,0.13839991126716503
0.5529997781679119,0.22533348122138555,0.14679991126716518
0.5559997781679117,0.10133348122139552,0.15519991126716468
0.5589997781679119,0.02266651877860354,0.16359991126716447
0.5619997781679117,0.1466665187786026,0.17199991126716463
0.564999778167912,0.2706665187786107,0.1803999112671648
0.5679997781679117,0.3946665187786098,0.18879991126716497
0.570999778167912,0.4813334812213912,0.1971999112671651
0.5739997781679118,0.3573334812213921,0.20559991126716493
0.576999778167912,0.23333348122138395,0.21399991126716472
0.5799997781679118,0.10933348122139391,0.2223999112671642
0.5829997781679116,0.014666518778605087,0.23079991126716434
0.5859997781679118,0.1386665187786042,0.2391999112671645
0.5889997781679117,0.2626665187786123,0.24759991126716469
0.5919997781679119,0.3866665187786114,0.25599991126716487
0.5949997781679117,0.48933348122138964,0.26439991126716494
0.5979997781679119,0.3653334812213905,0.27279991126716513
0.6009997781679118,0.24133348122139142,0.28119991126716465
0.6039997781679116,0.11733348122139231,0.2895999112671641
0.606999778167912,0.006666518778606911,0.2979999112671642
0.6099997781679116,0.1306665187786058,0.2936000887328355
0.612999778167912,0.25466651877860486,0.2852000887328354
0.6159997781679117,0.378666518778613,0.27680008873283524
0.618999778167912,0.4973334812213884,0.2684000887328351
0.6219997781679117,0.3733334812213889,0.2600000887328349
0.6249997781679121,0.24933348122138982,0.2516000887328348
0.6279997781679119,0.12533348122139074,0.24320008873283533
0.6309997781679116,0.0013334812213917357,0.23480008873283587
0.6339997781679119,0.12266651877860735,0.2264000887328357
0.6369997781679118,0.24666651877860646,0.21800008873283552
0.6399997781679119,0.3706665187786055,0.20960008873283537
0.6429997781679118,0.49466651877861356,0.20120008873283524
0.6459997781679119,0.3813334812213873,0.19280008873283505
0.6489997781679118,0.2573334812213882,0.18440008873283492
0.6519997781679121,0.13333348122138916,0.17600008873283474
0.6549997781679118,0.009333481221399043,0.16760008873283527
0.6579997781679117,0.11466651877860898,0.15920008873283578
0.660999778167912,0.23866651877860803,0.15080008873283565
0.6639997781679117,0.3626665187786071,0.14240008873283547
0.666999778167912,0.4866665187786061,0.13400008873283534
0.6699997781679117,0.3893334812213857,0.12560008873283515
0.672999778167912,0.26533348122138667,0.11720008873283501
0.6759997781679118,0.14133348122138756,0.10880008873283485
0.678999778167912,0.017333481221388447,0.10040008873283471
0.6819997781679118,0.1066665187786015,0.0920000887328352
0.6849997781679116,0.23066651877860964,0.08360008873283506
0.6879997781679119,0.3546665187786087,0.07520008873283492
0.6909997781679118,0.4786665187786078,0.06680008873283542
0.6939997781679119,0.39733348122139317,0.058400088732835274
0.6969997781679117,0.27333348122138507,0.05000008873283512
0.6999997781679119,0.14933348122138598,0.04160008873283496
0.7029997781679118,0.025333481221386844,0.033200088732834816
0.7059997781679117,0.09866651877860311,0.02480008873283531
0.7089997781679118,0.22266651877860216,0.016400088732835206
0.7119997781679117,0.34666651877861027,0.008000088732835047
0.714999778167912,0.4706665187786093,0.0003999112671645932
0.7179997781679118,0.40533348122139157,0.008799911267164567
0.720999778167912,0.2813334812213925,0.017199911267164757
0.7239997781679117,0.1573334812213844,0.025599911267164915
0.7269997781679122,0.0333334812213853,0.033999911267165055
0.7299997781679117,0.09066651877860468,0.04239991126716453
0.7329997781679116,0.21466651877860377,0.0507999112671647
0.7359997781679118,0.3386665187786028,0.059199911267164826
0.7389997781679117,0.4626665187786109,0.067599911267165
0.7419997781679117,0.41333348122139,0.07599991126716517
0.7449997781679116,0.2893334812213909,0.08439991126716465
0.7479997781679124,0.16533348122139185,0.09279991126716479
0.7490002218320885,0.04133348122138375,0.10119991126716496
0.7460002218320874,0.08266651877861533,0.1095999112671651
0.7430002218320878,0.20666651877860534,0.11799991126716458
0.7400002218320885,0.3306665187786044,0.12639991126716474
0.737000221832088,0.45466651877860353,0.1347999112671649
0.7340002218320884,0.4213334812213884,0.14319991126716505
0.731000221832088,0.2973334812213893,0.1515999112671652
0.7280002218320882,0.17333348122139025,0.15999991126716467
0.7250002218320881,0.049333481221391196,0.16839991126716486
0.7220002218320881,0.07466651877861688,0.176799911267165
0.7190002218320883,0.19866651877860694,0.18519991126716448
0.7160002218320881,0.322666518778606,0.19359991126716464
0.7130002218320883,0.4466665187786051,0.2019999112671648
0.7100002218320882,0.4293334812213958,0.21039991126716495
0.7070002218320883,0.30533348122138776,0.2187999112671651
0.7040002218320881,0.18133348122138868,0.22719991126716527
0.7010002218320883,0.05733348122138959,0.23559991126716473
0.698000221832088,0.06666651877860943,0.2439999112671649
0.6950002218320881,0.19066651877861757,0.25239991126716504
0.6920002218320884,0.31466651877860763,0.2607999112671645
0.6890002218320883,0.4386665187786067,0.2691999112671647
0.6860002218320883,0.43733348122139426,0.27759991126716477
0.6830002218320881,0.3133334812213952,0.285999911267165
0.6800002218320882,0.1893334812213871,0.2943999112671651
0.6770002218320881,0.06533348122138802,0.2972000887328347
0.6740002218320882,0.058666518778611065,0.28880008873283525
0.6710002218320879,0.18266651877861012,0.2804000887328351
0.6680002218320882,0.3066665187786092,0.2720000887328356
0.6650002218320884,0.4306665187786083,0.2636000887328354
0.6620002218320882,0.44533348122139266,0.2552000887328353
0.6590002218320883,0.3213334812213936,0.24680008873283513
0.6560002218320881,0.19733348122139455,0.23840008873283497
0.6530002218320883,0.07333348122138642,0.23000008873283478
0.650000221832088,0.05066651877861261,0.22160008873283465
0.6470002218320883,0.17466651877861172,0.21320008873283516
0.6440002218320884,0.29866651877860173,0.2048000887328357
0.6410002218320883,0.42266651877860983,0.19640008873283557
0.6380002218320883,0.45333348122139105,0.18800008873283539
0.635000221832088,0.329333481221392,0.1796000887328352
0.6320002218320883,0.20533348122139294,0.17120008873283507
0.629000221832088,0.08133348122139386,0.16280008873283494
0.6260002218320881,0.042666518778614215,0.15440008873283476
0.6230002218320879,0.16666651877861327,0.1460000887328346
0.6200002218320881,0.2906665187786124,0.13760008873283514
0.6170002218320884,0.4146665187786024,0.12920008873283564
0.6140002218320881,0.4613334812213895,0.12080008873283549
0.6110002218320884,0.3373334812213904,0.11240008873283534
0.6080002218320881,0.21333348122139134,0.10400008873283519
0.6050002218320883,0.08933348122139229,0.09560008873283503
0.602000221832088,0.034666518778606714,0.08720008873283487
0.5990002218320882,0.1586665187786149,0.07880008873283471
0.596000221832088,0.282666518778614,0.07040008873283457
0.5930002218320882,0.40666651877860394,0.06200008873283576
0.5900002218320883,0.46933348122139695,0.0536000887328356
0.5870002218320882,0.34533348122138885,0.045200088732835444
0.5840002218320883,0.22133348122138977,0.03680008873283529
0.5810002218320881,0.09733348122139068,0.028400088732835147
0.5780002218320882,0.026666518778608317,0.02000008873283496
0.575000221832088,0.15066651877860743,0.011600088732834867
0.5720002218320881,0.27466651877861553,0.0032000887328347103
0.569000221832088,0.3986665187786146,0.005199911267165546
0.5660002218320881,0.4773334812213954,0.013599911267164288
0.5630002218320883,0.3533334812213963,0.021999911267164413
0.5600002218320881,0.2293334812213882,0.0303999112671646
0.5570002218320883,0.10533348122138908,0.03879991126716476
0.554000221832088,0.018666518778610003,0.047199911267164885
0.5510002218320883,0.14266651877860903,0.05559991126716504
0.548000221832088,0.2666665187786081,0.0639999112671652
0.5450002218320882,0.39066651877861625,0.07239991126716537
0.5420002218320884,0.48533348122139375,0.08079991126716485
0.5390002218320882,0.3613334812213947,0.08919991126716433
0.5360002218320883,0.23733348122139564,0.09759991126716448
0.5330002218320881,0.1133334812213875,0.10599991126716464
0.5300002218320883,0.010666518778611411,0.11439991126716477
0.5270002218320881,0.1346665187786106,0.12279991126716494
0.5240002218320882,0.2586665187786097,0.1311999112671651
0.5210002218320879,0.38266651877860874,0.13959991126716526
0.5180002218320882,0.4933334812213923,0.14799991126716475
0.5150002218320884,0.3693334812213931,0.15639991126716488
0.512000221832088,0.24533348122139406,0.16479991126716434
0.5090002218320883,0.12133348122139498,0.17319991126716452
0.506000221832088,0.0026665187786127087,0.18159991126716465
0.5030002218320883,0.12666651877861218,0.18999991126716484
0.500000221832088,0.2506665187786113,0.19839991126716497
0.49700022183208814,0.37466651877861035,0.20679991126716515
0.494000221832088,0.49866651877861035,0.21519991126716528
0.49100022183208814,0.37733348122139154,0.2235999112671648
0.48800022183208835,0.25333348122139243,0.23199991126716493
0.4850002218320881,0.12933348122139338,0.24039991126716442
0.48200022183208824,0.005333481221394321,0.24879991126716455
0.47900022183208807,0.11866651877861376,0.2571999112671647
0.47600022183208823,0.24266651877861287,0.26559991126716487
0.473000221832088,0.36666651877861195,0.273999911267165
0.4700002218320882,0.4906665187786109,0.2823999112671652
0.4670002218320884,0.385333481221399,0.29079991126716465
0.4640002218320881,0.2613334812213909,0.29919991126716494
0.46100022183208833,0.13733348122139177,0.2924000887328351
0.45800022183208805,0.013333481221392801,0.2840000887328355
0.4550002218320883,0.11066651877860631,0.2756000887328354
0.45200022183208804,0.23466651877861444,0.26720008873283524
0.4490002218320882,0.3586665187786135,0.25880008873283505
0.446000221832088,0.48266651877861255,0.2504000887328349
0.4430002218320882,0.39333348122138834,0.24200008873283477
0.44000022183208837,0.26933348122139833,0.23360008873283528
0.4370002218320881,0.14533348122139023,0.22520008873283512
0.4340002218320883,0.02133348122139106,0.216800088732835
0.431000221832088,0.10266651877860791,0.2084000887328355
0.4280002218320883,0.226666518778607,0.20000008873283537
0.425000221832088,0.3506665187786151,0.19160008873283518
0.4220002218320882,0.47466651877861415,0.18320008873283503
0.41900022183208796,0.4013334812213868,0.17480008873283487
0.4590977063507249,0.3060651375671499,0.18363908254028996
0.4560977063507249,0.29206513756714997,0.10923908254028997
0.4530977063507249,0.2780651375671499,0.03483908254028997
0.450097706350725,0.26406513756714994,0.03956091745971004
0.447097706350725,0.25006513756715,0.11396091745970999
0.4440977063507249,0.23606513756714992,0.18836091745971004
0.44109770635072487,0.22206513756714996,0.26276091745971
0.438097706350725,0.20806513756714998,0.2628390825402898
0.435097706350725,0.19406513756714994,0.18843908254029001
0.432097706350725,0.18006513756714992,0.11403908254028991
0.42909770635072486,0.1660651375671499,0.03963908254028996
0.42609770635072497,0.1520651375671499,0.03476091745970995
0.42309770635072497,0.13806513756714994,0.10916091745970993
0.42009770635072496,0.12406513756714999,0.18356091745971004
0.41709770635072485,0.11006513756715,0.25796091745971017
0.414097706350725,0.09606513756715002,0.2676390825402899
0.41109770635072496,0.08206513756714989,0.19323908254028993
0.40809770635072495,0.06806513756714988,0.11883908254028998
0.40509770635072495,0.054065137567149923,0.04443908254029018
0.40209770635072484,0.04006513756714997,0.029960917459709916
0.39909770635072495,0.026065137567149788,0.10436091745971003
0.39609770635072494,0.012065137567149803,0.17876091745971015
0.39309770635072494,0.001934862432850043,0.25316091745971
0.390097706350725,0.01593486243285,0.2724390825402899
0.387097706350725,0.029934862432850096,0.19803908254029015
0.38409770635072493,0.043934862432850025,0.12363908254029003
0.38109770635072493,0.05793486243285001,0.04923908254028992
0.3780977063507249,0.07193486243284997,0.02516091745971018
0.375097706350725,0.08593486243285009,0.0995609174597103
0.3720977063507249,0.09993486243285007,0.1739609174597101
0.3690977063507249,0.11393486243285003,0.24836091745971023
0.3660977063507249,0.12793486243285002,0.27723908254028995
0.36309770635072497,0.14193486243285014,0.20283908254028987
0.3600977063507249,0.15593486243285015,0.1284390825402901
0.3570977063507249,0.1699348624328501,0.05403908254028999
0.3540977063507249,0.18393486243285007,0.02036091745971011
0.35109770635072496,0.19793486243285008,0.09476091745970991
0.34809770635072496,0.21193486243285004,0.16916091745971001
0.3450977063507249,0.22593486243285002,0.24356091745971015
0.3420977063507249,0.23993486243285,0.28203908254028975
0.33909770635072495,0.25393486243285013,0.2076390825402896
0.33609770635072495,0.2679348624328501,0.13323908254029018
0.33309770635072494,0.28193486243285004,0.058839082540289356
0.3300977063507249,0.29593486243285005,0.01556091745971007
0.3270977063507249,0.30993486243285,0.08996091745970952
0.32409770635072493,0.32393486243285013,0.16436091745971032
0.32109770635072493,0.3379348624328501,0.23876091745970973
0.3180977063507249,0.3519348624328501,0.28683908254028945
0.315097706350725,0.36593486243285006,0.21243908254029
0.312097706350725,0.37993486243285,0.13803908254029057
0.3090977063507249,0.39393486243285003,0.06363908254028978
0.3060977063507249,0.40793486243285,0.010760917459709668
0.30309770635072486,0.42193486243285,0.08516091745971048
0.30009770635072497,0.43593486243284996,0.1595609174597099
0.2970977063507249,0.4499348624328501,0.23396091745971068
0.2940977063507249,0.4639348624328502,0.29163908254028986
0.2910977063507249,0.4779348624328502,0.21723908254028904
0.28809770635072496,0.49193486243285,0.14283908254028962
0.28509770635072496,0.49406513756714987,0.06843908254029017
0.2820977063507249,0.48006513756714997,0.005960917459710629
0.2790977063507249,0.46606513756714996,0.08036091745971004
0.27609770635072484,0.45206513756714994,0.15476091745971085
0.27309770635072494,0.43806513756714993,0.2291609174597103
0.2700977063507249,0.42406513756715,0.29643908254029017
0.2670977063507249,0.4100651375671498,0.22203908254028945
0.26409770635072494,0.39606513756715006,0.14763908254029
0.26109770635072493,0.38206513756714977,0.07323908254029057
0.25809770635072493,0.3680651375671501,0.0011609174597100257
0.2550977063507249,0.35406513756714986,0.07556091745970964
0.25209770635072487,0.3400651375671501,0.14996091745971046
0.24909770635072495,0.3260651375671499,0.2243609174597099
0.24609770635072495,0.31206513756714993,0.29876091745970956
0.24309770635072492,0.2980651375671499,0.22683908254028984
0.24009770635072494,0.28406513756714996,0.15243908254029043
0.23709770635072494,0.27006513756714995,0.07803908254028963
0.23409770635072494,0.2560651375671497,0.003639082540290295
0.2310977063507249,0.24206513756715,0.07076091745971058
0.22809770635072485,0.22806513756714974,0.14516091745971005
0.22509770635072485,0.21406513756715007,0.21956091745971087
0.22209770635072493,0.2000651375671498,0.2939609174597102
0.21909770635072492,0.18606513756714982,0.23163908254029025
0.216097706350725,0.17206513756714986,0.15723908254029081
0.21309770635072492,0.15806513756714985,0.08283908254029003
0.21009770635072494,0.1440651375671499,0.008439082540290615
0.2070977063507249,0.13006513756714988,0.0659609174597102
0.2040977063507249,0.11606513756714995,0.14036091745970963
0.20109770635072488,0.10206513756714994,0.21476091745971046
0.19809770635072482,0.08806513756714998,0.28916091745970984
0.1950977063507249,0.07406513756715002,0.23643908254029067
0.1920977063507249,0.06006513756714976,0.16203908254028987
0.18909770635072498,0.04606513756714978,0.08763908254029043
0.18609770635072498,0.03206513756714979,0.013239082540289654
0.18309770635072492,0.018065137567149753,0.06116091745970979
0.18009770635072492,0.004065137567149907,0.13556091745971058
0.17709770635072486,0.009934862432850189,0.20996091745971004
0.17409770635072488,0.02393486243285009,0.2843609174597108
0.17109770635072497,0.037934862432850075,0.24123908254029106
0.1680977063507248,0.05193486243285006,0.16683908254029026
0.16509770635072502,0.06593486243285004,0.09243908254029083
0.1620977063507249,0.07993486243285,0.01803908254029004
0.15909770635072495,0.09393486243284999,0.05636091745970939
0.1560977063507249,0.10793486243285025,0.1307609174597102
0.15309770635072487,0.12193486243284993,0.20516091745970966
0.15009770635072486,0.1359348624328502,0.2795609174597104
0.14709770635072486,0.1499348624328499,0.24603908254029014
0.14409770635072502,0.16393486243285016,0.17163908254029067
0.141097706350725,0.17793486243284984,0.09723908254029125
0.138097706350725,0.1919348624328501,0.02283908254029041
0.135097706350725,0.20593486243285009,0.05156091745971035
0.13209770635072493,0.21993486243285007,0.12596091745970978
0.12909770635072493,0.23393486243285033,0.20036091745971057
0.12609770635072484,0.24793486243285,0.27476091745971004
0.12309770635072484,0.2619348624328503,0.2508390825402892
0.12009770635072484,0.27593486243285,0.17643908254028975
0.117097706350725,0.2899348624328502,0.10203908254029027
0.11409770635072496,0.30393486243284995,0.027639082540290832
0.11109770635072491,0.3179348624328502,0.04676091745970995
0.10809770635072495,0.33193486243284986,0.12116091745970937
0.1050977063507249,0.34593486243285015,0.1955609174597102
0.10209770635072482,0.3599348624328501,0.2699609174597096
0.09909770635072482,0.3739348624328501,0.2556390825402896
0.09609770635072507,0.3879348624328501,0.18123908254029011
0.09309770635072481,0.40193486243285004,0.10683908254028932
0.09009770635072502,0.41593486243285005,0.032439082540291216
0.08709770635072493,0.42993486243285006,0.04196091745970953
0.08409770635072493,0.44393486243284996,0.11636091745970897
0.08109770635072489,0.45793486243285,0.19076091745970977
0.07809770635072488,0.47193486243285,0.2651609174597092
0.07509770635072484,0.48593486243285017,0.26043908254028997
0.0720977063507248,0.4999348624328467,0.1860390825402892
0.06909770635072504,0.48606513756714975,0.11163908254028974
0.06609770635072475,0.47206513756714996,0.03723908254028894
0.063097706350725,0.4580651375671499,0.03716091745970913
0.06009770635072495,0.44406513756714994,0.11156091745970993
0.05709770635072495,0.43006513756715,0.18596091745970936
0.05409770635072486,0.4160651375671499,0.2603609174597102
0.05109770635072494,0.40206513756715,0.2652390825402904
0.048097706350724814,0.3880651375671497,0.19083908254028958
0.04509770635072481,0.37406513756715004,0.11643908254029012
0.04209770635072506,0.3600651375671498,0.042039082540289326
0.039097706350725056,0.34606513756715007,0.0323609174597101
0.036097706350724845,0.33206513756714984,0.10676091745970953
0.033097706350724884,0.3180651375671498,0.18116091745970897
0.0300977063507248,0.30406513756714987,0.25556091745970977
0.027097706350724837,0.2900651375671499,0.2700390825402908
0.02409770635072475,0.2760651375671499,0.19563908254029
0.02109770635072504,0.26206513756714994,0.12123908254029055
0.018097706350724704,0.24806513756714996,0.046839082540289734
0.015097706350724827,0.23406513756714997,0.02756091745970968
0.01209770635072499,0.22006513756715002,0.10196091745971049
0.009097706350725071,0.20606513756714975,0.17636091745970991
0.00609770635072486,0.19206513756714977,0.25076091745970935
0.0030977063507240665,0.1780651375671495,0.2748390825402898
9.770635073001743e-05,0.16406513756714983,0.2004390825402904
0.0029022936492750645,0.15006513756715012,0.1260390825402896
0.005902293649275275,0.13606513756714986,0.051639082540290156
0.008902293649275236,0.1220651375671496,0.022760917459710626
0.011902293649274823,0.10806513756714989,0.09716091745971009
0.014902293649274867,0.09406513756715021,0.1715609174597109
0.017902293649275203,0.08006513756714995,0.24596091745971033
0.02090229364927504,0.06606513756714968,0.27963908254029024
0.023902293649275,0.05206513756714945,0.20523908254028944
0.026902293649274878,0.03806513756715027,0.13083908254028997
0.029902293649275047,0.024065137567150008,0.056439082540290536
0.032902293649274966,0.010065137567149884,0.01796091745971157
0.035902293649275135,0.0039348624328501836,0.09236091745971103
0.03890229364927501,0.017934862432849585,0.16676091745971047
0.04190229364927493,0.03193486243284982,0.24116091745970994
0.04490229364927514,0.04593486243285011,0.2844390825402879
0.047902293649275146,0.05993486243285037,0.21003908254028847
0.050902293649275066,0.0739348624328495,0.13563908254028903
0.0539022936492749,0.08793486243284973,0.06123908254028959
0.05690229364927524,0.10193486243284999,0.013160917459712535
0.05990229364927499,0.11593486243285028,0.08756091745971198
0.06290229364927524,0.12993486243285052,0.16196091745971145
0.06590229364927504,0.14393486243284964,0.23636091745971088
0.06890229364927508,0.15793486243284993,0.2892390825402896
0.07190229364927508,0.17193486243285017,0.21483908254028752
0.07490229364927505,0.18593486243285046,0.14043908254028808
0.07790229364927517,0.19993486243284958,0.06603908254028863
0.08090229364927497,0.21393486243284984,0.008360917459710732
0.08390229364927518,0.2279348624328501,0.08276091745971294
0.08690229364927501,0.24193486243285037,0.15716091745971236
0.08990229364927502,0.2559348624328501,0.2315609174597091
0.09290229364927506,0.2699348624328503,0.29403908254028865
0.09590229364927506,0.28393486243285,0.21963908254028927
0.09890229364927511,0.2979348624328503,0.1452390825402871
0.1019022936492749,0.31193486243284996,0.07083908254029041
0.1049022936492752,0.3259348624328502,0.003560917459711793
0.10790229364927495,0.3399348624328499,0.07796091745971118
0.1109022936492752,0.35393486243285016,0.15236091745971334
0.11390229364927504,0.3679348624328499,0.22676091745971005
0.11690229364927504,0.38193486243285013,0.29883908254029085
0.11990229364927509,0.39593486243285037,0.22443908254028835
0.12290229364927509,0.4099348624328501,0.1500390825402889
0.12590229364927513,0.42393486243285033,0.07563908254028673
0.1289022936492749,0.43793486243285007,0.0012390825402896265
0.1319022936492752,0.4519348624328503,0.07316091745971214
0.13490229364927497,0.46593486243285,0.1475609174597116
0.1379022936492752,0.4799348624328503,0.22196091745971372
0.14090229364927503,0.49393486243284995,0.29636091745971055
0.14390229364927504,0.49206513756714976,0.22923908254029007
0.14690229364927507,0.4780651375671495,0.15483908254028791
0.1499022936492751,0.46406513756714984,0.08043908254028848
0.15290229364927516,0.45006513756715016,0.006039082540289081
0.1559022936492749,0.43606513756714993,0.06836091745971039
0.15890229364927516,0.4220651375671496,0.14276091745971253
0.161902293649275,0.40806513756714996,0.217160917459712
0.16490229364927506,0.3940651375671502,0.2915609174597114
0.16790229364927506,0.38006513756715,0.23403908254028913
0.17090229364927506,0.36606513756714976,0.1596390825402897
0.1739022936492751,0.35206513756714947,0.08523908254028753
0.17690229364927493,0.33806513756715034,0.010839082540290784
0.17990229364927512,0.32406513756715005,0.06356091745971133
0.18290229364927496,0.3100651375671498,0.13796091745971079
0.18590229364927524,0.2960651375671496,0.21236091745971292
0.18890229364927502,0.28206513756714985,0.28676091745971244
0.19190229364927502,0.26806513756715017,0.23883908254028818
0.1949022936492751,0.25406513756714993,0.16443908254028874
0.1979022936492751,0.24006513756714964,0.0900390825402893
0.20090229364927512,0.22606513756714938,0.015639082540287157
0.20390229364927495,0.21206513756715026,0.05876091745970957
0.2069022936492752,0.19806513756715,0.13316091745971173
0.20990229364927498,0.18406513756714973,0.2075609174597112
0.2129022936492752,0.17006513756714947,0.28196091745971336
0.21590229364927505,0.15606513756715035,0.24363908254028993
0.21890229364927505,0.1420651375671501,0.16923908254028777
0.2219022936492751,0.12806513756714982,0.09483908254028835
0.22490229364927514,0.11406513756714959,0.02043908254028891
0.22790229364927514,0.10006513756714988,0.053960917459710524
0.23090229364927498,0.08606513756715017,0.12836091745970996
0.23390229364927523,0.07206513756714994,0.20276091745971211
0.23690229364927498,0.05806513756714962,0.27716091745971155
0.239902293649275,0.04406513756714997,0.24843908254028896
0.24290229364927507,0.030065137567150263,0.17403908254028955
0.24590229364927507,0.01606513756715003,0.09963908254028737
0.24890229364927513,0.0020651375671493777,0.02523908254028795
0.2519022936492752,0.011934862432850357,0.04916091745971147
0.2549022936492752,0.02593486243285023,0.12356091745971091
0.25790229364927497,0.039934862432849855,0.19796091745971037
0.2609022936492752,0.05393486243285012,0.2723609174597125
0.263902293649275,0.06793486243285038,0.25323908254028804
0.26690229364927504,0.08193486243285006,0.1788390825402886
0.2699022936492751,0.09593486243284977,0.10443908254028915
0.2729022936492751,0.10993486243285006,0.030039082540286987
0.2759022936492751,0.12393486243285032,0.044360917459712414
0.27890229364927493,0.13793486243285,0.11876091745970915
0.2819022936492752,0.15193486243285026,0.1931609174597113
0.284902293649275,0.16593486243284994,0.2675609174597108
0.2879022936492752,0.17993486243285023,0.25803908254028707
0.290902293649275,0.1939348624328499,0.18363908254029035
0.29390229364927506,0.20793486243285017,0.10923908254028819
0.2969022936492751,0.22193486243284988,0.03483908254028874
0.2999022936492751,0.2359348624328501,0.039560917459713386
0.3029022936492751,0.24993486243284982,0.1139609174597101
0.30590229364927496,0.2639348624328501,0.18836091745970956
0.30890229364927524,0.2779348624328503,0.2627609174597117
0.311902293649275,0.29193486243285005,0.26283908254028887
0.31490229364927524,0.3059348624328503,0.18843908254028668
0.317902293649275,0.31993486243284996,0.11403908254028995
0.320902293649275,0.33393486243285025,0.03963908254028783
0.3239022936492751,0.34793486243284993,0.03476091745971164
0.32690229364927514,0.36193486243285017,0.10916091745971378
0.32990229364927515,0.3759348624328499,0.1835609174597105
0.332902293649275,0.38993486243285014,0.25796091745970995
0.3359022936492752,0.40393486243285043,0.2676390825402879
0.33890229364927504,0.41793486243285016,0.19323908254028846
0.34190229364927505,0.4319348624328498,0.11883908254028899
0.34490229364927505,0.4459348624328501,0.04443908254028955
0.34790229364927505,0.4599348624328503,0.029960917459712563
0.3509022936492751,0.47393486243285,0.10436091745971203
0.35390229364927495,0.4879348624328497,0.17876091745971145
0.35690229364927517,0.49806513756715,0.2531609174597109
0.359902293649275,0.48406513756714986,0.2724390825402897
0.36290229364927523,0.47006513756714957,0.1980390825402875
0.36590229364927507,0.45606513756714984,0.12363908254029077
0.36890229364927507,0.44206513756715016,0.0492390825402886
0.3719022936492751,0.42806513756714987,0.02516091745971083
0.3749022936492751,0.4140651375671496,0.09956091745971297
0.3779022936492751,0.4000651375671499,0.17396091745971243
0.38090229364927497,0.3860651375671502,0.24836091745971184
0.3839022936492752,0.37206513756715,0.2772390825402887
0.38690229364927503,0.3580651375671497,0.20283908254028923
0.3899022936492752,0.3440651375671494,0.12843908254028708
0.39290229364927504,0.3300651375671497,0.05403908254029037
0.39590229364927504,0.31606513756715005,0.020360917459711757
0.3989022936492751,0.3020651375671498,0.09476091745971123
0.4019022936492751,0.2880651375671495,0.16916091745971334
0.4049022936492751,0.27406513756714984,0.2435609174597101
0.407902293649275,0.26006513756715016,0.28203908254028776
0.4109022936492752,0.24606513756714987,0.20763908254028832
0.41390229364927505,0.23206513756714964,0.13323908254028885
0.41690229364927506,0.21806513756714993,0.058839082540289425
0.41990229364927506,0.20406513756714967,0.015560917459710005
0.42290229364927506,0.19006513756715,0.08996091745971214
0.4259022936492751,0.1760651375671497,0.16436091745971163
0.4289022936492749,0.16206513756715002,0.23876091745971104
0.4319022936492751,0.14806513756714976,0.28683908254028956
0.434902293649275,0.13406513756715008,0.21243908254028734
0.43790229364927524,0.12006513756714979,0.1380390825402879
0.4409022936492751,0.10606513756714953,0.06363908254028847
0.4439022936492751,0.09206513756714982,0.010760917459710983
0.4469022936492751,0.07806513756714958,0.08516091745971041
0.4499022936492751,0.0640651375671499,0.15956091745971257
0.45290229364927514,0.05006513756714959,0.233960917459712
0.4559022936492749,0.03606513756714996,0.29163908254028853
0.45890229364927515,0.022065137567149673,0.21723908254028912
0.46190229364927504,0.008065137567149994,0.14283908254028696
0.46490229364927527,0.005934862432850158,0.06843908254028751
0.4679022936492751,0.019934862432849892,0.005960917459711978
0.4709022936492751,0.03393486243285018,0.08036091745971137
0.4739022936492751,0.04793486243285047,0.1547609174597108
0.4769022936492751,0.06193486243285018,0.22916091745971295
0.4799022936492751,0.07593486243284983,0.29643908254029017
0.48290229364927495,0.0899348624328501,0.22203908254028815
0.4859022936492752,0.10393486243285038,0.1476390825402887
0.48890229364927507,0.11793486243285012,0.07323908254028656
0.49190229364927507,0.13193486243284974,0.0011609174597100257
0.4949022936492751,0.14593486243285003,0.07556091745971234
0.49790229364927513,0.15993486243285027,0.14996091745971174
0.5009022936492751,0.17393486243285056,0.2243609174597112
0.5039022936492752,0.18793486243285024,0.29876091745971367
0.5069022936492751,0.2019348624328505,0.22683908254028717
0.5099022936492752,0.21593486243285076,0.15243908254028501
0.512902293649275,0.22993486243284988,0.07803908254029103
0.5159022936492751,0.2439348624328496,0.0036390825402889126
0.5189022936492751,0.25793486243284985,0.07076091745971055
0.5219022936492751,0.2719348624328501,0.14516091745971
0.5249022936492751,0.2859348624328504,0.21956091745970946
0.5279022936492752,0.2999348624328506,0.29396091745970887
0.5309022936492751,0.3139348624328503,0.23163908254029164
0.5339022936492752,0.3279348624328506,0.1572390825402868
0.536902293649275,0.3419348624328497,0.08283908254029279
0.539902293649275,0.35593486243285,0.008439082540293363
0.5429022936492751,0.36993486243285023,0.06596091745970609
0.5459022936492751,0.38393486243285047,0.14036091745971097
0.5489022936492751,0.39793486243285076,0.2147609174597104
0.5519022936492752,0.41193486243285105,0.28916091745970984
0.5549022936492751,0.4259348624328513,0.23643908254029072
0.5579022936492752,0.4399348624328504,0.16203908254029126
0.560902293649275,0.45393486243284953,0.08763908254029183
0.563902293649275,0.46793486243284976,0.013239082540292418
0.566902293649275,0.4819348624328501,0.06116091745970703
0.569902293649275,0.4959348624328501,0.13556091745970647
0.5729022936492751,0.49006513756714953,0.20996091745971135
0.5759022936492751,0.4760651375671492,0.28436091745971076
0.5789022936492751,0.46206513756714895,0.24123908254028975
0.5819022936492753,0.44806513756714866,0.16683908254029034
0.5849022936492752,0.43406513756714954,0.09243908254029087
0.587902293649275,0.42006513756715047,0.018039082540291455
0.590902293649275,0.4060651375671502,0.056360917459707977
0.593902293649275,0.3920651375671499,0.13076091745970742
0.596902293649275,0.37806513756714966,0.20516091745970688
0.599902293649275,0.36406513756714937,0.27956091745971173
0.6029022936492752,0.3500651375671491,0.2460390825402888
0.6059022936492753,0.33606513756714884,0.17163908254028937
0.6089022936492752,0.3220651375671486,0.09723908254028993
0.611902293649275,0.3080651375671506,0.022839082540295923
0.6149022936492751,0.29406513756715036,0.051560917459708956
0.6179022936492751,0.28006513756715007,0.1259609174597084
0.6209022936492751,0.26606513756714983,0.20036091745970785
0.6239022936492751,0.25206513756714954,0.27476091745970727
0.6269022936492752,0.23806513756714928,0.25083908254028786
0.6299022936492752,0.22406513756714902,0.17643908254028842
0.6329022936492752,0.21006513756714876,0.10203908254028898
0.6359022936492753,0.1960651375671485,0.027639082540289534
0.638902293649275,0.1820651375671505,0.04676091745970449
0.6419022936492751,0.16806513756715025,0.12116091745970935
0.6449022936492751,0.15406513756714996,0.19556091745970877
0.6479022936492752,0.14006513756714975,0.2699609174597082
0.6509022936492751,0.12606513756714946,0.25563908254029233
0.6539022936492751,0.11206513756714923,0.18123908254028745
0.6569022936492751,0.09806513756714894,0.10683908254028802
0.6599022936492753,0.08406513756714873,0.032439082540288586
0.662902293649275,0.07006513756715069,0.04196091745970541
0.6659022936492751,0.056065137567150425,0.11636091745970487
0.668902293649275,0.04206513756715019,0.19076091745970974
0.6719022936492751,0.028065137567149928,0.2651609174597092
0.6749022936492751,0.01406513756714961,0.26043908254029136
0.6779022936492751,6.513756715334496e-05,0.18603908254029194
0.6809022936492751,0.01393486243285083,0.11163908254028705
0.6839022936492751,0.027934862432851093,0.03723908254028764
0.686902293649275,0.04193486243284908,0.03716091745970639
0.689902293649275,0.0559348624328494,0.11156091745970581
0.692902293649275,0.0699348624328496,0.18596091745970528
0.695902293649275,0.0839348624328499,0.26036091745971013
0.698902293649275,0.09793486243285013,0.26523908254029044
0.7019022936492751,0.11193486243285039,0.190839082540291
0.7049022936492751,0.12593486243285068,0.11643908254029153
0.7079022936492753,0.13993486243285091,0.04203908254028666
0.7109022936492752,0.1539348624328512,0.03236091745971275
0.7139022936492749,0.1679348624328492,0.10676091745970677
0.7169022936492752,0.18193486243284945,0.18116091745970622
0.7199022936492749,0.19593486243284972,0.2555609174597057
0.7229022936492752,0.20993486243284998,0.27003908254028947
0.7259022936492753,0.22393486243285024,0.19563908254029003
0.7289022936492753,0.23793486243285047,0.12123908254029057
0.7319022936492754,0.25193486243285074,0.04683908254029115
0.7349022936492752,0.265934862432851,0.027560917459713712
0.737902293649275,0.279934862432849,0.10196091745970773
0.740902293649275,0.2939348624328493,0.17636091745970717
0.7439022936492752,0.3079348624328495,0.25076091745970663
0.746902293649276,0.3219348624328498,0.27483908254029393
0.7499022936492701,0.33593486243285003,0.20043908254028905
0.7470977063507249,0.3499348624328503,0.12603908254028964
0.7440977063507247,0.36393486243285056,0.051639082540290204
0.7410977063507248,0.3779348624328508,0.022760917459709245
0.7380977063507246,0.3919348624328511,0.0971609174597141
0.7350977063507251,0.4059348624328491,0.1715609174597081
0.7320977063507248,0.41993486243284933,0.24596091745970755
0.7290977063507249,0.4339348624328496,0.27963908254029296
0.726097706350725,0.44793486243284986,0.20523908254029358
0.7230977063507249,0.4619348624328501,0.13083908254028867
0.720097706350725,0.47593486243285044,0.056439082540289225
0.7170977063507248,0.48993486243285067,0.017960917459710225
0.7140977063507249,0.4960651375671491,0.09236091745970963
0.7110977063507249,0.4820651375671512,0.16676091745970908
0.7080977063507248,0.4680651375671509,0.24116091745970852
0.7050977063507249,0.4540651375671506,0.28443908254029204
0.7020977063507251,0.4400651375671504,0.2100390825402926
0.6990977063507249,0.42606513756715014,0.13563908254029317
0.6960977063507245,0.4120651375671498,0.06123908254028828
0.6930977063507249,0.39806513756714956,0.013160917459711152
0.6900977063507251,0.38406513756714933,0.08756091745971058
0.6870977063507253,0.3700651375671513,0.16196091745970462
0.684097706350725,0.3560651375671511,0.23636091745970947
0.6810977063507248,0.3420651375671508,0.2892390825402911
0.678097706350725,0.3280651375671505,0.21483908254029163
0.6750977063507251,0.31406513756715027,0.1404390825402922
0.672097706350725,0.30006513756715003,0.06603908254029277
0.6690977063507246,0.28606513756714974,0.008360917459712064
0.666097706350725,0.27206513756714945,0.08276091745971155
0.663097706350725,0.2580651375671492,0.15716091745971097
0.6600977063507252,0.24406513756715123,0.23156091745970497
0.6570977063507248,0.23006513756715097,0.29403908254029004
0.6540977063507247,0.21606513756715068,0.2196390825402907
0.6510977063507248,0.20206513756715044,0.14523908254029125
0.6480977063507251,0.18806513756715018,0.07083908254029182
0.6450977063507248,0.17406513756714992,0.0035609174597075297
0.6420977063507245,0.16006513756714963,0.07796091745971251
0.6390977063507248,0.1460651375671494,0.15236091745971195
0.6360977063507249,0.13206513756715138,0.22676091745970595
0.6330977063507253,0.11806513756715112,0.2988390825402943
0.630097706350725,0.10406513756715088,0.2244390825402897
0.6270977063507247,0.09006513756715062,0.15003908254029028
0.6240977063507249,0.07606513756715036,0.07563908254029084
0.6210977063507251,0.0620651375671501,0.0012390825402912586
0.6180977063507249,0.04806513756714978,0.07316091745970804
0.6150977063507247,0.0340651375671496,0.1475609174597129
0.6120977063507249,0.02006513756714931,0.22196091745971233
0.609097706350725,0.006065137567151407,0.29636091745970633
0.6060977063507251,0.007934862432848827,0.22923908254029418
0.603097706350725,0.0219348624328492,0.15483908254028933
0.6000977063507247,0.03593486243284946,0.08043908254028989
0.5970977063507249,0.049934862432849725,0.006039082540290446
0.5940977063507251,0.06393486243284996,0.06836091745970897
0.5910977063507248,0.07793486243285022,0.14276091745970843
0.5880977063507247,0.09193486243285048,0.21716091745971325
0.5850977063507248,0.10593486243285075,0.2915609174597073
0.582097706350725,0.11993486243284873,0.23403908254029326
0.5790977063507252,0.13393486243284902,0.15963908254029383
0.5760977063507249,0.14793486243284926,0.08523908254028893
0.5730977063507247,0.16193486243284955,0.010839082540289468
0.5700977063507249,0.17593486243284978,0.06356091745970993
0.5670977063507251,0.18993486243285004,0.13796091745970937
0.5640977063507249,0.2039348624328503,0.21236091745970884
0.561097706350725,0.21793486243285057,0.2867609174597083
0.5580977063507249,0.23193486243285083,0.2388390825402923
0.555097706350725,0.24593486243284882,0.16443908254029285
0.5520977063507251,0.2599348624328491,0.09003908254029341
0.5490977063507249,0.2739348624328493,0.015639082540288507
0.5460977063507246,0.2879348624328496,0.058760917459710876
0.5430977063507249,0.30193486243284984,0.13316091745971032
0.5400977063507251,0.3159348624328501,0.20756091745970975
0.5370977063507247,0.3299348624328504,0.2819609174597092
0.534097706350725,0.34393486243285065,0.24363908254029132
0.5310977063507247,0.3579348624328509,0.1692390825402919
0.528097706350725,0.3719348624328489,0.09483908254029245
0.5250977063507252,0.38593486243284914,0.020439082540293006
0.5220977063507249,0.3999348624328494,0.053960917459711835
0.5190977063507246,0.41393486243284966,0.1283609174597113
0.5160977063507248,0.42793486243284995,0.20276091745971073
0.513097706350725,0.4419348624328502,0.27716091745971017
0.5100977063507252,0.45593486243285053,0.24843908254029584
0.5070977063507249,0.46993486243285065,0.17403908254029093
0.5040977063507248,0.483934862432851,0.09963908254029151
0.5010977063507249,0.4979348624328493,0.025239082540292078
0.4980977063507251,0.4880651375671508,0.04916091745970737
0.4950977063507248,0.4740651375671505,0.12356091745971225
0.4920977063507247,0.4600651375671503,0.19796091745971167
0.4890977063507248,0.44606513756715,0.2723609174597111
0.486097706350725,0.43206513756714976,0.25323908254028943
0.48309770635072524,0.41806513756714947,0.1788390825402954
0.480097706350725,0.40406513756714924,0.10443908254029055
0.47709770635072474,0.39006513756714895,0.030039082540291098
0.4740977063507249,0.376065137567151,0.04436091745970831
0.47109770635072507,0.3620651375671507,0.11876091745970774
0.4680977063507249,0.34806513756715046,0.19316091745971264
0.46509770635072467,0.33406513756715017,0.2675609174597121
0.4620977063507248,0.32006513756714994,0.25803908254028846
