iteration,fertility,genes,vertical-trans
0,0.0,0.0,0.0
0,0.0,0.0,0.0
0,0.0,0.0,0.0
0,0.0,0.0,0.0
0,0.0,0.0,0.0
0,0.0,0.0,0.0
0,0.0,0.0,0.0
0,0.0,0.0,0.0
0,0.0,0.0,0.0
0,0.0,0.0,0.0
0,0.0,0.0,0.0
0,0.0,0.0,0.0
0,0.0,0.0,0.0
0,0.0,0.0,0.0
0,0.0,0.0,0.0
0,0.0,0.0,0.0
0,0.0,0.0,0.0
0,0.0,0.0,0.0
0,0.0,0.0,0.0
0,0.0,0.0,0.0
0,0.0,0.0,0.0
0,0.0,0.0,0.0
0,0.0,0.0,0.0
0,0.0,0.0,0.0
0,0.0,0.0,0.0
0,0.0,0.0,0.0
0,0.0,0.0,0.0
0,0.0,0.0,0.0
0,0.0,0.0,0.0
0,0.0,0.0,0.0
0,0.0,0.0,0.0
0,0.0,0.0,0.0
0,0.0,0.0,0.0
0,0.0,0.0,0.0
0,0.0,0.0,0.0
0,0.0,0.0,0.0
0,0.0,0.0,0.0
0,0.0,0.0,0.0
0,0.0,0.0,0.0
0,0.0,0.0,0.0
0,0.0,0.0,0.0
0,0.0,0.0,0.0
0,0.0,0.0,0.0
0,0.0,0.0,0.0
0,0.0,0.0,0.0
0,0.0,0.0,0.0
0,0.0,0.0,0.0
0,0.0,0.0,0.0
0,0.0,0.0,0.0
0,0.0,0.0,0.0
0,0.0,0.0,0.0
0,0.0,0.0,0.0
0,0.0,0.0,0.0
0,0.0,0.0,0.0
0,0.0,0.0,0.0
0,0.0,0.0,0.0
0,0.0,0.0,0.0
0,0.0,0.0,0.0
0,0.0,0.0,0.0
0,0.0,0.0,0.0
0,0.0,0.0,0.0
0,0.0,0.0,0.0
0,0.0,0.0,0.0
0,0.0,0.0,0.0
0,0.0,0.0,0.0
0,0.0,0.0,0.0
0,0.0,0.0,0.0
0,0.0,0.0,0.0
0,0.0,0.0,0.0
0,0.0,0.0,0.0
0,0.0,0.0,0.0
0,0.0,0.0,0.0
0,0.0,0.0,0.0
0,0.0,0.0,0.0
0,0.0,0.0,0.0
0,0.0,0.0,0.0
0,0.0,0.0,0.0
0,0.0,0.0,0.0
0,0.0,0.0,0.0
0,0.0,0.0,0.0
0,0.0,0.0,0.0
0,0.0,0.0,0.0
0,0.0,0.0,0.0
0,0.0,0.0,0.0
0,0.0,0.0,0.0
0,0.0,0.0,0.0
0,0.0,0.0,0.0
0,0.0,0.0,0.0
0,0.0,0.0,0.0
0,0.0,0.0,0.0
0,0.0,0.0,0.0
0,0.0,0.0,0.0
0,0.0,0.0,0.0
0,0.0,0.0,0.0
0,0.0,0.0,0.0
0,0.0,0.0,0.0
0,0.0,0.0,0.0
0,0.0,0.0,0.0
0,0.0,0.0,0.0
0,0.0,0.0,0.0
1,0.0,0.0,0.05
1,0.0,0.0,0.05
1,0.0,0.0,0.05
1,0.0,0.0,0.05
1,0.0,0.0,0.05
1,0.0,0.0,0.05
1,0.0,0.0,0.05
1,0.0,0.0,0.05
1,0.0,0.0,0.05
1,0.0,0.0,0.05
1,0.0,0.0,0.05
1,0.0,0.0,0.05
1,0.0,0.0,0.05
1,0.0,0.0,0.05
1,0.0,0.0,0.05
1,0.0,0.0,0.05
1,0.0,0.0,0.05
1,0.0,0.0,0.05
1,0.0,0.0,0.05
1,0.0,0.0,0.05
1,0.0,0.0,0.05
1,0.0,0.0,0.05
1,0.0,0.0,0.05
1,0.0,0.0,0.05
1,0.0,0.0,0.05
1,0.0,0.0,0.05
1,0.0,0.0,0.05
1,0.0,0.0,0.05
1,0.0,0.0,0.05
1,0.0,0.0,0.05
1,0.0,0.0,0.05
1,0.0,0.0,0.05
1,0.0,0.0,0.05
1,0.0,0.0,0.05
1,0.0,0.0,0.05
1,0.0,0.0,0.05
1,0.0,0.0,0.05
1,0.0,0.0,0.05
1,0.0,0.0,0.05
1,0.0,0.0,0.05
1,0.0,0.0,0.05
1,0.0,0.0,0.05
1,0.0,0.0,0.05
1,0.0,0.0,0.05
1,0.0,0.0,0.05
1,0.0,0.0,0.05
1,0.0,0.0,0.05
1,0.0,0.0,0.05
1,0.0,0.0,0.05
1,0.0,0.0,0.05
1,0.0,0.0,0.05
1,0.0,0.0,0.05
1,0.0,0.0,0.05
1,0.0,0.0,0.05
1,0.0,0.0,0.05
1,0.0,0.0,0.05
1,0.0,0.0,0.05
1,0.0,0.0,0.05
1,0.0,0.0,0.05
1,0.0,0.0,0.05
1,0.0,0.0,0.05
1,0.0,0.0,0.05
1,0.0,0.0,0.05
1,0.0,0.0,0.05
1,0.0,0.0,0.05
1,0.0,0.0,0.05
1,0.0,0.0,0.05
1,0.0,0.0,0.05
1,0.0,0.0,0.05
1,0.0,0.0,0.05
1,0.0,0.0,0.05
1,0.0,0.0,0.05
1,0.0,0.0,0.05
1,0.0,0.0,0.05
1,0.0,0.0,0.05
1,0.0,0.0,0.05
1,0.0,0.0,0.05
1,0.0,0.0,0.05
1,0.0,0.0,0.05
1,0.0,0.0,0.05
1,0.0,0.0,0.05
1,0.0,0.0,0.05
1,0.0,0.0,0.05
1,0.0,0.0,0.05
1,0.0,0.0,0.05
1,0.0,0.0,0.05
1,0.0,0.0,0.05
1,0.0,0.0,0.05
1,0.0,0.0,0.05
1,0.0,0.0,0.05
1,0.0,0.0,0.05
1,0.0,0.0,0.05
1,0.0,0.0,0.05
1,0.0,0.0,0.05
1,0.0,0.0,0.05
1,0.0,0.0,0.05
1,0.0,0.0,0.05
1,0.0,0.0,0.05
1,0.0,0.0,0.05
1,0.0,0.0,0.05
2,0.0,0.0,0.25
2,0.0,0.0,0.25
2,0.0,0.0,0.25
2,0.0,0.0,0.25
2,0.0,0.0,0.25
2,0.0,0.0,0.25
2,0.0,0.0,0.25
2,0.0,0.0,0.25
2,0.0,0.0,0.25
2,0.0,0.0,0.25
2,0.0,0.0,0.25
2,0.0,0.0,0.25
2,0.0,0.0,0.25
2,0.0,0.0,0.25
2,0.0,0.0,0.25
2,0.0,0.0,0.25
2,0.0,0.0,0.25
2,0.0,0.0,0.25
2,0.0,0.0,0.25
2,0.0,0.0,0.25
2,0.0,0.0,0.25
2,0.0,0.0,0.25
2,0.0,0.0,0.25
2,0.0,0.0,0.25
2,0.0,0.0,0.25
2,0.0,0.0,0.25
2,0.0,0.0,0.25
2,0.0,0.0,0.25
2,0.0,0.0,0.25
2,0.0,0.0,0.25
2,0.0,0.0,0.25
2,0.0,0.0,0.25
2,0.0,0.0,0.25
2,0.0,0.0,0.25
2,0.0,0.0,0.25
2,0.0,0.0,0.25
2,0.0,0.0,0.25
2,0.0,0.0,0.25
2,0.0,0.0,0.25
2,0.0,0.0,0.25
2,0.0,0.0,0.25
2,0.0,0.0,0.25
2,0.0,0.0,0.25
2,0.0,0.0,0.25
2,0.0,0.0,0.25
2,0.0,0.0,0.25
2,0.0,0.0,0.25
2,0.0,0.0,0.25
2,0.0,0.0,0.25
2,0.0,0.0,0.25
2,0.0,0.0,0.25
2,0.0,0.0,0.25
2,0.0,0.0,0.25
2,0.0,0.0,0.25
2,0.0,0.0,0.25
2,0.0,0.0,0.25
2,0.0,0.0,0.25
2,0.0,0.0,0.25
2,0.0,0.0,0.25
2,0.0,0.0,0.25
2,0.0,0.0,0.25
2,0.0,0.0,0.25
2,0.0,0.0,0.25
2,0.0,0.0,0.25
2,0.0,0.0,0.25
2,0.0,0.0,0.25
2,0.0,0.0,0.25
2,0.0,0.0,0.25
2,0.0,0.0,0.25
2,0.0,0.0,0.25
2,0.0,0.0,0.25
2,0.0,0.0,0.25
2,0.0,0.0,0.25
2,0.0,0.0,0.25
2,0.0,0.0,0.25
2,0.0,0.0,0.25
2,0.0,0.0,0.25
2,0.0,0.0,0.25
2,0.0,0.0,0.25
2,0.0,0.0,0.25
2,0.0,0.0,0.25
2,0.0,0.0,0.25
2,0.0,0.0,0.25
2,0.0,0.0,0.25
2,0.0,0.0,0.25
2,0.0,0.0,0.25
2,0.0,0.0,0.25
2,0.0,0.0,0.25
2,0.0,0.0,0.25
2,0.0,0.0,0.25
2,0.0,0.0,0.25
2,0.0,0.0,0.25
2,0.0,0.0,0.25
2,0.0,0.0,0.25
2,0.0,0.0,0.25
2,0.0,0.0,0.25
2,0.0,0.0,0.25
2,0.0,0.0,0.25
2,0.0,0.0,0.25
2,0.0,0.0,0.25
3,0.0,0.0,0.5
3,0.0,0.0,0.5
3,0.0,0.0,0.5
3,0.0,0.0,0.5
3,0.0,0.0,0.5
3,0.0,0.0,0.5
3,0.0,0.0,0.5
3,0.0,0.0,0.5
3,0.0,0.0,0.5
3,0.0,0.0,0.5
3,0.0,0.0,0.5
3,0.0,0.0,0.5
3,0.0,0.0,0.5
3,0.0,0.0,0.5
3,0.0,0.0,0.5
3,0.0,0.0,0.5
3,0.0,0.0,0.5
3,0.0,0.0,0.5
3,0.0,0.0,0.5
3,0.0,0.0,0.5
3,0.0,0.0,0.5
3,0.0,0.0,0.5
3,0.0,0.0,0.5
3,0.0,0.0,0.5
3,0.0,0.0,0.5
3,0.0,0.0,0.5
3,0.0,0.0,0.5
3,0.0,0.0,0.5
3,0.0,0.0,0.5
3,0.0,0.0,0.5
3,0.0,0.0,0.5
3,0.0,0.0,0.5
3,0.0,0.0,0.5
3,0.0,0.0,0.5
3,0.0,0.0,0.5
3,0.0,0.0,0.5
3,0.0,0.0,0.5
3,0.0,0.0,0.5
3,0.0,0.0,0.5
3,0.0,0.0,0.5
3,0.0,0.0,0.5
3,0.0,0.0,0.5
3,0.0,0.0,0.5
3,0.0,0.0,0.5
3,0.0,0.0,0.5
3,0.0,0.0,0.5
3,0.0,0.0,0.5
3,0.0,0.0,0.5
3,0.0,0.0,0.5
3,0.0,0.0,0.5
3,0.0,0.0,0.5
3,0.0,0.0,0.5
3,0.0,0.0,0.5
3,0.0,0.0,0.5
3,0.0,0.0,0.5
3,0.0,0.0,0.5
3,0.0,0.0,0.5
3,0.0,0.0,0.5
3,0.0,0.0,0.5
3,0.0,0.0,0.5
3,0.0,0.0,0.5
3,0.0,0.0,0.5
3,0.0,0.0,0.5
3,0.0,0.0,0.5
3,0.0,0.0,0.5
3,0.0,0.0,0.5
3,0.0,0.0,0.5
3,0.0,0.0,0.5
3,0.0,0.0,0.5
3,0.0,0.0,0.5
3,0.0,0.0,0.5
3,0.0,0.0,0.5
3,0.0,0.0,0.5
3,0.0,0.0,0.5
3,0.0,0.0,0.5
3,0.0,0.0,0.5
3,0.0,0.0,0.5
3,0.0,0.0,0.5
3,0.0,0.0,0.5
3,0.0,0.0,0.5
3,0.0,0.0,0.5
3,0.0,0.0,0.5
3,0.0,0.0,0.5
3,0.0,0.0,0.5
3,0.0,0.0,0.5
3,0.0,0.0,0.5
3,0.0,0.0,0.5
3,0.0,0.0,0.5
3,0.0,0.0,0.5
3,0.0,0.0,0.5
3,0.0,0.0,0.5
3,0.0,0.0,0.5
3,0.0,0.0,0.5
3,0.0,0.0,0.5
3,0.0,0.0,0.5
3,0.0,0.0,0.5
3,0.0,0.0,0.5
3,0.0,0.0,0.5
3,0.0,0.0,0.5
3,0.0,0.0,0.5
4,0.0,0.05,0.0
4,0.0,0.05,0.0
4,0.0,0.05,0.0
4,0.0,0.05,0.0
4,0.0,0.05,0.0
4,0.0,0.05,0.0
4,0.0,0.05,0.0
4,0.0,0.05,0.0
4,0.0,0.05,0.0
4,0.0,0.05,0.0
4,0.0,0.05,0.0
4,0.0,0.05,0.0
4,0.0,0.05,0.0
4,0.0,0.05,0.0
4,0.0,0.05,0.0
4,0.0,0.05,0.0
4,0.0,0.05,0.0
4,0.0,0.05,0.0
4,0.0,0.05,0.0
4,0.0,0.05,0.0
4,0.0,0.05,0.0
4,0.0,0.05,0.0
4,0.0,0.05,0.0
4,0.0,0.05,0.0
4,0.0,0.05,0.0
4,0.0,0.05,0.0
4,0.0,0.05,0.0
4,0.0,0.05,0.0
4,0.0,0.05,0.0
4,0.0,0.05,0.0
4,0.0,0.05,0.0
4,0.0,0.05,0.0
4,0.0,0.05,0.0
4,0.0,0.05,0.0
4,0.0,0.05,0.0
4,0.0,0.05,0.0
4,0.0,0.05,0.0
4,0.0,0.05,0.0
4,0.0,0.05,0.0
4,0.0,0.05,0.0
4,0.0,0.05,0.0
4,0.0,0.05,0.0
4,0.0,0.05,0.0
4,0.0,0.05,0.0
4,0.0,0.05,0.0
4,0.0,0.05,0.0
4,0.0,0.05,0.0
4,0.0,0.05,0.0
4,0.0,0.05,0.0
4,0.0,0.05,0.0
4,0.0,0.05,0.0
4,0.0,0.05,0.0
4,0.0,0.05,0.0
4,0.0,0.05,0.0
4,0.0,0.05,0.0
4,0.0,0.05,0.0
4,0.0,0.05,0.0
4,0.0,0.05,0.0
4,0.0,0.05,0.0
4,0.0,0.05,0.0
4,0.0,0.05,0.0
4,0.0,0.05,0.0
4,0.0,0.05,0.0
4,0.0,0.05,0.0
4,0.0,0.05,0.0
4,0.0,0.05,0.0
4,0.0,0.05,0.0
4,0.0,0.05,0.0
4,0.0,0.05,0.0
4,0.0,0.05,0.0
4,0.0,0.05,0.0
4,0.0,0.05,0.0
4,0.0,0.05,0.0
4,0.0,0.05,0.0
4,0.0,0.05,0.0
4,0.0,0.05,0.0
4,0.0,0.05,0.0
4,0.0,0.05,0.0
4,0.0,0.05,0.0
4,0.0,0.05,0.0
4,0.0,0.05,0.0
4,0.0,0.05,0.0
4,0.0,0.05,0.0
4,0.0,0.05,0.0
4,0.0,0.05,0.0
4,0.0,0.05,0.0
4,0.0,0.05,0.0
4,0.0,0.05,0.0
4,0.0,0.05,0.0
4,0.0,0.05,0.0
4,0.0,0.05,0.0
4,0.0,0.05,0.0
4,0.0,0.05,0.0
4,0.0,0.05,0.0
4,0.0,0.05,0.0
4,0.0,0.05,0.0
4,0.0,0.05,0.0
4,0.0,0.05,0.0
4,0.0,0.05,0.0
4,0.0,0.05,0.0
5,0.0,0.05,0.05
5,0.0,0.05,0.05
5,0.0,0.05,0.05
5,0.0,0.05,0.05
5,0.0,0.05,0.05
5,0.0,0.05,0.05
5,0.0,0.05,0.05
5,0.0,0.05,0.05
5,0.0,0.05,0.05
5,0.0,0.05,0.05
5,0.0,0.05,0.05
5,0.0,0.05,0.05
5,0.0,0.05,0.05
5,0.0,0.05,0.05
5,0.0,0.05,0.05
5,0.0,0.05,0.05
5,0.0,0.05,0.05
5,0.0,0.05,0.05
5,0.0,0.05,0.05
5,0.0,0.05,0.05
5,0.0,0.05,0.05
5,0.0,0.05,0.05
5,0.0,0.05,0.05
5,0.0,0.05,0.05
5,0.0,0.05,0.05
5,0.0,0.05,0.05
5,0.0,0.05,0.05
5,0.0,0.05,0.05
5,0.0,0.05,0.05
5,0.0,0.05,0.05
5,0.0,0.05,0.05
5,0.0,0.05,0.05
5,0.0,0.05,0.05
5,0.0,0.05,0.05
5,0.0,0.05,0.05
5,0.0,0.05,0.05
5,0.0,0.05,0.05
5,0.0,0.05,0.05
5,0.0,0.05,0.05
5,0.0,0.05,0.05
5,0.0,0.05,0.05
5,0.0,0.05,0.05
5,0.0,0.05,0.05
5,0.0,0.05,0.05
5,0.0,0.05,0.05
5,0.0,0.05,0.05
5,0.0,0.05,0.05
5,0.0,0.05,0.05
5,0.0,0.05,0.05
5,0.0,0.05,0.05
5,0.0,0.05,0.05
5,0.0,0.05,0.05
5,0.0,0.05,0.05
5,0.0,0.05,0.05
5,0.0,0.05,0.05
5,0.0,0.05,0.05
5,0.0,0.05,0.05
5,0.0,0.05,0.05
5,0.0,0.05,0.05
5,0.0,0.05,0.05
5,0.0,0.05,0.05
5,0.0,0.05,0.05
5,0.0,0.05,0.05
5,0.0,0.05,0.05
5,0.0,0.05,0.05
5,0.0,0.05,0.05
5,0.0,0.05,0.05
5,0.0,0.05,0.05
5,0.0,0.05,0.05
5,0.0,0.05,0.05
5,0.0,0.05,0.05
5,0.0,0.05,0.05
5,0.0,0.05,0.05
5,0.0,0.05,0.05
5,0.0,0.05,0.05
5,0.0,0.05,0.05
5,0.0,0.05,0.05
5,0.0,0.05,0.05
5,0.0,0.05,0.05
5,0.0,0.05,0.05
5,0.0,0.05,0.05
5,0.0,0.05,0.05
5,0.0,0.05,0.05
5,0.0,0.05,0.05
5,0.0,0.05,0.05
5,0.0,0.05,0.05
5,0.0,0.05,0.05
5,0.0,0.05,0.05
5,0.0,0.05,0.05
5,0.0,0.05,0.05
5,0.0,0.05,0.05
5,0.0,0.05,0.05
5,0.0,0.05,0.05
5,0.0,0.05,0.05
5,0.0,0.05,0.05
5,0.0,0.05,0.05
5,0.0,0.05,0.05
5,0.0,0.05,0.05
5,0.0,0.05,0.05
5,0.0,0.05,0.05
6,0.0,0.05,0.25
6,0.0,0.05,0.25
6,0.0,0.05,0.25
6,0.0,0.05,0.25
6,0.0,0.05,0.25
6,0.0,0.05,0.25
6,0.0,0.05,0.25
6,0.0,0.05,0.25
6,0.0,0.05,0.25
6,0.0,0.05,0.25
6,0.0,0.05,0.25
6,0.0,0.05,0.25
6,0.0,0.05,0.25
6,0.0,0.05,0.25
6,0.0,0.05,0.25
6,0.0,0.05,0.25
6,0.0,0.05,0.25
6,0.0,0.05,0.25
6,0.0,0.05,0.25
6,0.0,0.05,0.25
6,0.0,0.05,0.25
6,0.0,0.05,0.25
6,0.0,0.05,0.25
6,0.0,0.05,0.25
6,0.0,0.05,0.25
6,0.0,0.05,0.25
6,0.0,0.05,0.25
6,0.0,0.05,0.25
6,0.0,0.05,0.25
6,0.0,0.05,0.25
6,0.0,0.05,0.25
6,0.0,0.05,0.25
6,0.0,0.05,0.25
6,0.0,0.05,0.25
6,0.0,0.05,0.25
6,0.0,0.05,0.25
6,0.0,0.05,0.25
6,0.0,0.05,0.25
6,0.0,0.05,0.25
6,0.0,0.05,0.25
6,0.0,0.05,0.25
6,0.0,0.05,0.25
6,0.0,0.05,0.25
6,0.0,0.05,0.25
6,0.0,0.05,0.25
6,0.0,0.05,0.25
6,0.0,0.05,0.25
6,0.0,0.05,0.25
6,0.0,0.05,0.25
6,0.0,0.05,0.25
6,0.0,0.05,0.25
6,0.0,0.05,0.25
6,0.0,0.05,0.25
6,0.0,0.05,0.25
6,0.0,0.05,0.25
6,0.0,0.05,0.25
6,0.0,0.05,0.25
6,0.0,0.05,0.25
6,0.0,0.05,0.25
6,0.0,0.05,0.25
6,0.0,0.05,0.25
6,0.0,0.05,0.25
6,0.0,0.05,0.25
6,0.0,0.05,0.25
6,0.0,0.05,0.25
6,0.0,0.05,0.25
6,0.0,0.05,0.25
6,0.0,0.05,0.25
6,0.0,0.05,0.25
6,0.0,0.05,0.25
6,0.0,0.05,0.25
6,0.0,0.05,0.25
6,0.0,0.05,0.25
6,0.0,0.05,0.25
6,0.0,0.05,0.25
6,0.0,0.05,0.25
6,0.0,0.05,0.25
6,0.0,0.05,0.25
6,0.0,0.05,0.25
6,0.0,0.05,0.25
6,0.0,0.05,0.25
6,0.0,0.05,0.25
6,0.0,0.05,0.25
6,0.0,0.05,0.25
6,0.0,0.05,0.25
6,0.0,0.05,0.25
6,0.0,0.05,0.25
6,0.0,0.05,0.25
6,0.0,0.05,0.25
6,0.0,0.05,0.25
6,0.0,0.05,0.25
6,0.0,0.05,0.25
6,0.0,0.05,0.25
6,0.0,0.05,0.25
6,0.0,0.05,0.25
6,0.0,0.05,0.25
6,0.0,0.05,0.25
6,0.0,0.05,0.25
6,0.0,0.05,0.25
6,0.0,0.05,0.25
7,0.0,0.05,0.5
7,0.0,0.05,0.5
7,0.0,0.05,0.5
7,0.0,0.05,0.5
7,0.0,0.05,0.5
7,0.0,0.05,0.5
7,0.0,0.05,0.5
7,0.0,0.05,0.5
7,0.0,0.05,0.5
7,0.0,0.05,0.5
7,0.0,0.05,0.5
7,0.0,0.05,0.5
7,0.0,0.05,0.5
7,0.0,0.05,0.5
7,0.0,0.05,0.5
7,0.0,0.05,0.5
7,0.0,0.05,0.5
7,0.0,0.05,0.5
7,0.0,0.05,0.5
7,0.0,0.05,0.5
7,0.0,0.05,0.5
7,0.0,0.05,0.5
7,0.0,0.05,0.5
7,0.0,0.05,0.5
7,0.0,0.05,0.5
7,0.0,0.05,0.5
7,0.0,0.05,0.5
7,0.0,0.05,0.5
7,0.0,0.05,0.5
7,0.0,0.05,0.5
7,0.0,0.05,0.5
7,0.0,0.05,0.5
7,0.0,0.05,0.5
7,0.0,0.05,0.5
7,0.0,0.05,0.5
7,0.0,0.05,0.5
7,0.0,0.05,0.5
7,0.0,0.05,0.5
7,0.0,0.05,0.5
7,0.0,0.05,0.5
7,0.0,0.05,0.5
7,0.0,0.05,0.5
7,0.0,0.05,0.5
7,0.0,0.05,0.5
7,0.0,0.05,0.5
7,0.0,0.05,0.5
7,0.0,0.05,0.5
7,0.0,0.05,0.5
7,0.0,0.05,0.5
7,0.0,0.05,0.5
7,0.0,0.05,0.5
7,0.0,0.05,0.5
7,0.0,0.05,0.5
7,0.0,0.05,0.5
7,0.0,0.05,0.5
7,0.0,0.05,0.5
7,0.0,0.05,0.5
7,0.0,0.05,0.5
7,0.0,0.05,0.5
7,0.0,0.05,0.5
7,0.0,0.05,0.5
7,0.0,0.05,0.5
7,0.0,0.05,0.5
7,0.0,0.05,0.5
7,0.0,0.05,0.5
7,0.0,0.05,0.5
7,0.0,0.05,0.5
7,0.0,0.05,0.5
7,0.0,0.05,0.5
7,0.0,0.05,0.5
7,0.0,0.05,0.5
7,0.0,0.05,0.5
7,0.0,0.05,0.5
7,0.0,0.05,0.5
7,0.0,0.05,0.5
7,0.0,0.05,0.5
7,0.0,0.05,0.5
7,0.0,0.05,0.5
7,0.0,0.05,0.5
7,0.0,0.05,0.5
7,0.0,0.05,0.5
7,0.0,0.05,0.5
7,0.0,0.05,0.5
7,0.0,0.05,0.5
7,0.0,0.05,0.5
7,0.0,0.05,0.5
7,0.0,0.05,0.5
7,0.0,0.05,0.5
7,0.0,0.05,0.5
7,0.0,0.05,0.5
7,0.0,0.05,0.5
7,0.0,0.05,0.5
7,0.0,0.05,0.5
7,0.0,0.05,0.5
7,0.0,0.05,0.5
7,0.0,0.05,0.5
7,0.0,0.05,0.5
7,0.0,0.05,0.5
7,0.0,0.05,0.5
7,0.0,0.05,0.5
8,0.0,0.1,0.0
8,0.0,0.1,0.0
8,0.0,0.1,0.0
8,0.0,0.1,0.0
8,0.0,0.1,0.0
8,0.0,0.1,0.0
8,0.0,0.1,0.0
8,0.0,0.1,0.0
8,0.0,0.1,0.0
8,0.0,0.1,0.0
8,0.0,0.1,0.0
8,0.0,0.1,0.0
8,0.0,0.1,0.0
8,0.0,0.1,0.0
8,0.0,0.1,0.0
8,0.0,0.1,0.0
8,0.0,0.1,0.0
8,0.0,0.1,0.0
8,0.0,0.1,0.0
8,0.0,0.1,0.0
8,0.0,0.1,0.0
8,0.0,0.1,0.0
8,0.0,0.1,0.0
8,0.0,0.1,0.0
8,0.0,0.1,0.0
8,0.0,0.1,0.0
8,0.0,0.1,0.0
8,0.0,0.1,0.0
8,0.0,0.1,0.0
8,0.0,0.1,0.0
8,0.0,0.1,0.0
8,0.0,0.1,0.0
8,0.0,0.1,0.0
8,0.0,0.1,0.0
8,0.0,0.1,0.0
8,0.0,0.1,0.0
8,0.0,0.1,0.0
8,0.0,0.1,0.0
8,0.0,0.1,0.0
8,0.0,0.1,0.0
8,0.0,0.1,0.0
8,0.0,0.1,0.0
8,0.0,0.1,0.0
8,0.0,0.1,0.0
8,0.0,0.1,0.0
8,0.0,0.1,0.0
8,0.0,0.1,0.0
8,0.0,0.1,0.0
8,0.0,0.1,0.0
8,0.0,0.1,0.0
8,0.0,0.1,0.0
8,0.0,0.1,0.0
8,0.0,0.1,0.0
8,0.0,0.1,0.0
8,0.0,0.1,0.0
8,0.0,0.1,0.0
8,0.0,0.1,0.0
8,0.0,0.1,0.0
8,0.0,0.1,0.0
8,0.0,0.1,0.0
8,0.0,0.1,0.0
8,0.0,0.1,0.0
8,0.0,0.1,0.0
8,0.0,0.1,0.0
8,0.0,0.1,0.0
8,0.0,0.1,0.0
8,0.0,0.1,0.0
8,0.0,0.1,0.0
8,0.0,0.1,0.0
8,0.0,0.1,0.0
8,0.0,0.1,0.0
8,0.0,0.1,0.0
8,0.0,0.1,0.0
8,0.0,0.1,0.0
8,0.0,0.1,0.0
8,0.0,0.1,0.0
8,0.0,0.1,0.0
8,0.0,0.1,0.0
8,0.0,0.1,0.0
8,0.0,0.1,0.0
8,0.0,0.1,0.0
8,0.0,0.1,0.0
8,0.0,0.1,0.0
8,0.0,0.1,0.0
8,0.0,0.1,0.0
8,0.0,0.1,0.0
8,0.0,0.1,0.0
8,0.0,0.1,0.0
8,0.0,0.1,0.0
8,0.0,0.1,0.0
8,0.0,0.1,0.0
8,0.0,0.1,0.0
8,0.0,0.1,0.0
8,0.0,0.1,0.0
8,0.0,0.1,0.0
8,0.0,0.1,0.0
8,0.0,0.1,0.0
8,0.0,0.1,0.0
8,0.0,0.1,0.0
8,0.0,0.1,0.0
9,0.0,0.1,0.05
9,0.0,0.1,0.05
9,0.0,0.1,0.05
9,0.0,0.1,0.05
9,0.0,0.1,0.05
9,0.0,0.1,0.05
9,0.0,0.1,0.05
9,0.0,0.1,0.05
9,0.0,0.1,0.05
9,0.0,0.1,0.05
9,0.0,0.1,0.05
9,0.0,0.1,0.05
9,0.0,0.1,0.05
9,0.0,0.1,0.05
9,0.0,0.1,0.05
9,0.0,0.1,0.05
9,0.0,0.1,0.05
9,0.0,0.1,0.05
9,0.0,0.1,0.05
9,0.0,0.1,0.05
9,0.0,0.1,0.05
9,0.0,0.1,0.05
9,0.0,0.1,0.05
9,0.0,0.1,0.05
9,0.0,0.1,0.05
9,0.0,0.1,0.05
9,0.0,0.1,0.05
9,0.0,0.1,0.05
9,0.0,0.1,0.05
9,0.0,0.1,0.05
9,0.0,0.1,0.05
9,0.0,0.1,0.05
9,0.0,0.1,0.05
9,0.0,0.1,0.05
9,0.0,0.1,0.05
9,0.0,0.1,0.05
9,0.0,0.1,0.05
9,0.0,0.1,0.05
9,0.0,0.1,0.05
9,0.0,0.1,0.05
9,0.0,0.1,0.05
9,0.0,0.1,0.05
9,0.0,0.1,0.05
9,0.0,0.1,0.05
9,0.0,0.1,0.05
9,0.0,0.1,0.05
9,0.0,0.1,0.05
9,0.0,0.1,0.05
9,0.0,0.1,0.05
9,0.0,0.1,0.05
9,0.0,0.1,0.05
9,0.0,0.1,0.05
9,0.0,0.1,0.05
9,0.0,0.1,0.05
9,0.0,0.1,0.05
9,0.0,0.1,0.05
9,0.0,0.1,0.05
9,0.0,0.1,0.05
9,0.0,0.1,0.05
9,0.0,0.1,0.05
9,0.0,0.1,0.05
9,0.0,0.1,0.05
9,0.0,0.1,0.05
9,0.0,0.1,0.05
9,0.0,0.1,0.05
9,0.0,0.1,0.05
9,0.0,0.1,0.05
9,0.0,0.1,0.05
9,0.0,0.1,0.05
9,0.0,0.1,0.05
9,0.0,0.1,0.05
9,0.0,0.1,0.05
9,0.0,0.1,0.05
9,0.0,0.1,0.05
9,0.0,0.1,0.05
9,0.0,0.1,0.05
9,0.0,0.1,0.05
9,0.0,0.1,0.05
9,0.0,0.1,0.05
9,0.0,0.1,0.05
9,0.0,0.1,0.05
9,0.0,0.1,0.05
9,0.0,0.1,0.05
9,0.0,0.1,0.05
9,0.0,0.1,0.05
9,0.0,0.1,0.05
9,0.0,0.1,0.05
9,0.0,0.1,0.05
9,0.0,0.1,0.05
9,0.0,0.1,0.05
9,0.0,0.1,0.05
9,0.0,0.1,0.05
9,0.0,0.1,0.05
9,0.0,0.1,0.05
9,0.0,0.1,0.05
9,0.0,0.1,0.05
9,0.0,0.1,0.05
9,0.0,0.1,0.05
9,0.0,0.1,0.05
9,0.0,0.1,0.05
10,0.0,0.1,0.25
10,0.0,0.1,0.25
10,0.0,0.1,0.25
10,0.0,0.1,0.25
10,0.0,0.1,0.25
10,0.0,0.1,0.25
10,0.0,0.1,0.25
10,0.0,0.1,0.25
10,0.0,0.1,0.25
10,0.0,0.1,0.25
10,0.0,0.1,0.25
10,0.0,0.1,0.25
10,0.0,0.1,0.25
10,0.0,0.1,0.25
10,0.0,0.1,0.25
10,0.0,0.1,0.25
10,0.0,0.1,0.25
10,0.0,0.1,0.25
10,0.0,0.1,0.25
10,0.0,0.1,0.25
10,0.0,0.1,0.25
10,0.0,0.1,0.25
10,0.0,0.1,0.25
10,0.0,0.1,0.25
10,0.0,0.1,0.25
10,0.0,0.1,0.25
10,0.0,0.1,0.25
10,0.0,0.1,0.25
10,0.0,0.1,0.25
10,0.0,0.1,0.25
10,0.0,0.1,0.25
10,0.0,0.1,0.25
10,0.0,0.1,0.25
10,0.0,0.1,0.25
10,0.0,0.1,0.25
10,0.0,0.1,0.25
10,0.0,0.1,0.25
10,0.0,0.1,0.25
10,0.0,0.1,0.25
10,0.0,0.1,0.25
10,0.0,0.1,0.25
10,0.0,0.1,0.25
10,0.0,0.1,0.25
10,0.0,0.1,0.25
10,0.0,0.1,0.25
10,0.0,0.1,0.25
10,0.0,0.1,0.25
10,0.0,0.1,0.25
10,0.0,0.1,0.25
10,0.0,0.1,0.25
10,0.0,0.1,0.25
10,0.0,0.1,0.25
10,0.0,0.1,0.25
10,0.0,0.1,0.25
10,0.0,0.1,0.25
10,0.0,0.1,0.25
10,0.0,0.1,0.25
10,0.0,0.1,0.25
10,0.0,0.1,0.25
10,0.0,0.1,0.25
10,0.0,0.1,0.25
10,0.0,0.1,0.25
10,0.0,0.1,0.25
10,0.0,0.1,0.25
10,0.0,0.1,0.25
10,0.0,0.1,0.25
10,0.0,0.1,0.25
10,0.0,0.1,0.25
10,0.0,0.1,0.25
10,0.0,0.1,0.25
10,0.0,0.1,0.25
10,0.0,0.1,0.25
10,0.0,0.1,0.25
10,0.0,0.1,0.25
10,0.0,0.1,0.25
10,0.0,0.1,0.25
10,0.0,0.1,0.25
10,0.0,0.1,0.25
10,0.0,0.1,0.25
10,0.0,0.1,0.25
10,0.0,0.1,0.25
10,0.0,0.1,0.25
10,0.0,0.1,0.25
10,0.0,0.1,0.25
10,0.0,0.1,0.25
10,0.0,0.1,0.25
10,0.0,0.1,0.25
10,0.0,0.1,0.25
10,0.0,0.1,0.25
10,0.0,0.1,0.25
10,0.0,0.1,0.25
10,0.0,0.1,0.25
10,0.0,0.1,0.25
10,0.0,0.1,0.25
10,0.0,0.1,0.25
10,0.0,0.1,0.25
10,0.0,0.1,0.25
10,0.0,0.1,0.25
10,0.0,0.1,0.25
10,0.0,0.1,0.25
11,0.0,0.1,0.5
11,0.0,0.1,0.5
11,0.0,0.1,0.5
11,0.0,0.1,0.5
11,0.0,0.1,0.5
11,0.0,0.1,0.5
11,0.0,0.1,0.5
11,0.0,0.1,0.5
11,0.0,0.1,0.5
11,0.0,0.1,0.5
11,0.0,0.1,0.5
11,0.0,0.1,0.5
11,0.0,0.1,0.5
11,0.0,0.1,0.5
11,0.0,0.1,0.5
11,0.0,0.1,0.5
11,0.0,0.1,0.5
11,0.0,0.1,0.5
11,0.0,0.1,0.5
11,0.0,0.1,0.5
11,0.0,0.1,0.5
11,0.0,0.1,0.5
11,0.0,0.1,0.5
11,0.0,0.1,0.5
11,0.0,0.1,0.5
11,0.0,0.1,0.5
11,0.0,0.1,0.5
11,0.0,0.1,0.5
11,0.0,0.1,0.5
11,0.0,0.1,0.5
11,0.0,0.1,0.5
11,0.0,0.1,0.5
11,0.0,0.1,0.5
11,0.0,0.1,0.5
11,0.0,0.1,0.5
11,0.0,0.1,0.5
11,0.0,0.1,0.5
11,0.0,0.1,0.5
11,0.0,0.1,0.5
11,0.0,0.1,0.5
11,0.0,0.1,0.5
11,0.0,0.1,0.5
11,0.0,0.1,0.5
11,0.0,0.1,0.5
11,0.0,0.1,0.5
11,0.0,0.1,0.5
11,0.0,0.1,0.5
11,0.0,0.1,0.5
11,0.0,0.1,0.5
11,0.0,0.1,0.5
11,0.0,0.1,0.5
11,0.0,0.1,0.5
11,0.0,0.1,0.5
11,0.0,0.1,0.5
11,0.0,0.1,0.5
11,0.0,0.1,0.5
11,0.0,0.1,0.5
11,0.0,0.1,0.5
11,0.0,0.1,0.5
11,0.0,0.1,0.5
11,0.0,0.1,0.5
11,0.0,0.1,0.5
11,0.0,0.1,0.5
11,0.0,0.1,0.5
11,0.0,0.1,0.5
11,0.0,0.1,0.5
11,0.0,0.1,0.5
11,0.0,0.1,0.5
11,0.0,0.1,0.5
11,0.0,0.1,0.5
11,0.0,0.1,0.5
11,0.0,0.1,0.5
11,0.0,0.1,0.5
11,0.0,0.1,0.5
11,0.0,0.1,0.5
11,0.0,0.1,0.5
11,0.0,0.1,0.5
11,0.0,0.1,0.5
11,0.0,0.1,0.5
11,0.0,0.1,0.5
11,0.0,0.1,0.5
11,0.0,0.1,0.5
11,0.0,0.1,0.5
11,0.0,0.1,0.5
11,0.0,0.1,0.5
11,0.0,0.1,0.5
11,0.0,0.1,0.5
11,0.0,0.1,0.5
11,0.0,0.1,0.5
11,0.0,0.1,0.5
11,0.0,0.1,0.5
11,0.0,0.1,0.5
11,0.0,0.1,0.5
11,0.0,0.1,0.5
11,0.0,0.1,0.5
11,0.0,0.1,0.5
11,0.0,0.1,0.5
11,0.0,0.1,0.5
11,0.0,0.1,0.5
11,0.0,0.1,0.5
12,0.0,0.2,0.0
12,0.0,0.2,0.0
12,0.0,0.2,0.0
12,0.0,0.2,0.0
12,0.0,0.2,0.0
12,0.0,0.2,0.0
12,0.0,0.2,0.0
12,0.0,0.2,0.0
12,0.0,0.2,0.0
12,0.0,0.2,0.0
12,0.0,0.2,0.0
12,0.0,0.2,0.0
12,0.0,0.2,0.0
12,0.0,0.2,0.0
12,0.0,0.2,0.0
12,0.0,0.2,0.0
12,0.0,0.2,0.0
12,0.0,0.2,0.0
12,0.0,0.2,0.0
12,0.0,0.2,0.0
12,0.0,0.2,0.0
12,0.0,0.2,0.0
12,0.0,0.2,0.0
12,0.0,0.2,0.0
12,0.0,0.2,0.0
12,0.0,0.2,0.0
12,0.0,0.2,0.0
12,0.0,0.2,0.0
12,0.0,0.2,0.0
12,0.0,0.2,0.0
12,0.0,0.2,0.0
12,0.0,0.2,0.0
12,0.0,0.2,0.0
12,0.0,0.2,0.0
12,0.0,0.2,0.0
12,0.0,0.2,0.0
12,0.0,0.2,0.0
12,0.0,0.2,0.0
12,0.0,0.2,0.0
12,0.0,0.2,0.0
12,0.0,0.2,0.0
12,0.0,0.2,0.0
12,0.0,0.2,0.0
12,0.0,0.2,0.0
12,0.0,0.2,0.0
12,0.0,0.2,0.0
12,0.0,0.2,0.0
12,0.0,0.2,0.0
12,0.0,0.2,0.0
12,0.0,0.2,0.0
12,0.0,0.2,0.0
12,0.0,0.2,0.0
12,0.0,0.2,0.0
12,0.0,0.2,0.0
12,0.0,0.2,0.0
12,0.0,0.2,0.0
12,0.0,0.2,0.0
12,0.0,0.2,0.0
12,0.0,0.2,0.0
12,0.0,0.2,0.0
12,0.0,0.2,0.0
12,0.0,0.2,0.0
12,0.0,0.2,0.0
12,0.0,0.2,0.0
12,0.0,0.2,0.0
12,0.0,0.2,0.0
12,0.0,0.2,0.0
12,0.0,0.2,0.0
12,0.0,0.2,0.0
12,0.0,0.2,0.0
12,0.0,0.2,0.0
12,0.0,0.2,0.0
12,0.0,0.2,0.0
12,0.0,0.2,0.0
12,0.0,0.2,0.0
12,0.0,0.2,0.0
12,0.0,0.2,0.0
12,0.0,0.2,0.0
12,0.0,0.2,0.0
12,0.0,0.2,0.0
12,0.0,0.2,0.0
12,0.0,0.2,0.0
12,0.0,0.2,0.0
12,0.0,0.2,0.0
12,0.0,0.2,0.0
12,0.0,0.2,0.0
12,0.0,0.2,0.0
12,0.0,0.2,0.0
12,0.0,0.2,0.0
12,0.0,0.2,0.0
12,0.0,0.2,0.0
12,0.0,0.2,0.0
12,0.0,0.2,0.0
12,0.0,0.2,0.0
12,0.0,0.2,0.0
12,0.0,0.2,0.0
12,0.0,0.2,0.0
12,0.0,0.2,0.0
12,0.0,0.2,0.0
12,0.0,0.2,0.0
13,0.0,0.2,0.05
13,0.0,0.2,0.05
13,0.0,0.2,0.05
13,0.0,0.2,0.05
13,0.0,0.2,0.05
13,0.0,0.2,0.05
13,0.0,0.2,0.05
13,0.0,0.2,0.05
13,0.0,0.2,0.05
13,0.0,0.2,0.05
13,0.0,0.2,0.05
13,0.0,0.2,0.05
13,0.0,0.2,0.05
13,0.0,0.2,0.05
13,0.0,0.2,0.05
13,0.0,0.2,0.05
13,0.0,0.2,0.05
13,0.0,0.2,0.05
13,0.0,0.2,0.05
13,0.0,0.2,0.05
13,0.0,0.2,0.05
13,0.0,0.2,0.05
13,0.0,0.2,0.05
13,0.0,0.2,0.05
13,0.0,0.2,0.05
13,0.0,0.2,0.05
13,0.0,0.2,0.05
13,0.0,0.2,0.05
13,0.0,0.2,0.05
13,0.0,0.2,0.05
13,0.0,0.2,0.05
13,0.0,0.2,0.05
13,0.0,0.2,0.05
13,0.0,0.2,0.05
13,0.0,0.2,0.05
13,0.0,0.2,0.05
13,0.0,0.2,0.05
13,0.0,0.2,0.05
13,0.0,0.2,0.05
13,0.0,0.2,0.05
13,0.0,0.2,0.05
13,0.0,0.2,0.05
13,0.0,0.2,0.05
13,0.0,0.2,0.05
13,0.0,0.2,0.05
13,0.0,0.2,0.05
13,0.0,0.2,0.05
13,0.0,0.2,0.05
13,0.0,0.2,0.05
13,0.0,0.2,0.05
13,0.0,0.2,0.05
13,0.0,0.2,0.05
13,0.0,0.2,0.05
13,0.0,0.2,0.05
13,0.0,0.2,0.05
13,0.0,0.2,0.05
13,0.0,0.2,0.05
13,0.0,0.2,0.05
13,0.0,0.2,0.05
13,0.0,0.2,0.05
13,0.0,0.2,0.05
13,0.0,0.2,0.05
13,0.0,0.2,0.05
13,0.0,0.2,0.05
13,0.0,0.2,0.05
13,0.0,0.2,0.05
13,0.0,0.2,0.05
13,0.0,0.2,0.05
13,0.0,0.2,0.05
13,0.0,0.2,0.05
13,0.0,0.2,0.05
13,0.0,0.2,0.05
13,0.0,0.2,0.05
13,0.0,0.2,0.05
13,0.0,0.2,0.05
13,0.0,0.2,0.05
13,0.0,0.2,0.05
13,0.0,0.2,0.05
13,0.0,0.2,0.05
13,0.0,0.2,0.05
13,0.0,0.2,0.05
13,0.0,0.2,0.05
13,0.0,0.2,0.05
13,0.0,0.2,0.05
13,0.0,0.2,0.05
13,0.0,0.2,0.05
13,0.0,0.2,0.05
13,0.0,0.2,0.05
13,0.0,0.2,0.05
13,0.0,0.2,0.05
13,0.0,0.2,0.05
13,0.0,0.2,0.05
13,0.0,0.2,0.05
13,0.0,0.2,0.05
13,0.0,0.2,0.05
13,0.0,0.2,0.05
13,0.0,0.2,0.05
13,0.0,0.2,0.05
13,0.0,0.2,0.05
13,0.0,0.2,0.05
14,0.0,0.2,0.25
14,0.0,0.2,0.25
14,0.0,0.2,0.25
14,0.0,0.2,0.25
14,0.0,0.2,0.25
14,0.0,0.2,0.25
14,0.0,0.2,0.25
14,0.0,0.2,0.25
14,0.0,0.2,0.25
14,0.0,0.2,0.25
14,0.0,0.2,0.25
14,0.0,0.2,0.25
14,0.0,0.2,0.25
14,0.0,0.2,0.25
14,0.0,0.2,0.25
14,0.0,0.2,0.25
14,0.0,0.2,0.25
14,0.0,0.2,0.25
14,0.0,0.2,0.25
14,0.0,0.2,0.25
14,0.0,0.2,0.25
14,0.0,0.2,0.25
14,0.0,0.2,0.25
14,0.0,0.2,0.25
14,0.0,0.2,0.25
14,0.0,0.2,0.25
14,0.0,0.2,0.25
14,0.0,0.2,0.25
14,0.0,0.2,0.25
14,0.0,0.2,0.25
14,0.0,0.2,0.25
14,0.0,0.2,0.25
14,0.0,0.2,0.25
14,0.0,0.2,0.25
14,0.0,0.2,0.25
14,0.0,0.2,0.25
14,0.0,0.2,0.25
14,0.0,0.2,0.25
14,0.0,0.2,0.25
14,0.0,0.2,0.25
14,0.0,0.2,0.25
14,0.0,0.2,0.25
14,0.0,0.2,0.25
14,0.0,0.2,0.25
14,0.0,0.2,0.25
14,0.0,0.2,0.25
14,0.0,0.2,0.25
14,0.0,0.2,0.25
14,0.0,0.2,0.25
14,0.0,0.2,0.25
14,0.0,0.2,0.25
14,0.0,0.2,0.25
14,0.0,0.2,0.25
14,0.0,0.2,0.25
14,0.0,0.2,0.25
14,0.0,0.2,0.25
14,0.0,0.2,0.25
14,0.0,0.2,0.25
14,0.0,0.2,0.25
14,0.0,0.2,0.25
14,0.0,0.2,0.25
14,0.0,0.2,0.25
14,0.0,0.2,0.25
14,0.0,0.2,0.25
14,0.0,0.2,0.25
14,0.0,0.2,0.25
14,0.0,0.2,0.25
14,0.0,0.2,0.25
14,0.0,0.2,0.25
14,0.0,0.2,0.25
14,0.0,0.2,0.25
14,0.0,0.2,0.25
14,0.0,0.2,0.25
14,0.0,0.2,0.25
14,0.0,0.2,0.25
14,0.0,0.2,0.25
14,0.0,0.2,0.25
14,0.0,0.2,0.25
14,0.0,0.2,0.25
14,0.0,0.2,0.25
14,0.0,0.2,0.25
14,0.0,0.2,0.25
14,0.0,0.2,0.25
14,0.0,0.2,0.25
14,0.0,0.2,0.25
14,0.0,0.2,0.25
14,0.0,0.2,0.25
14,0.0,0.2,0.25
14,0.0,0.2,0.25
14,0.0,0.2,0.25
14,0.0,0.2,0.25
14,0.0,0.2,0.25
14,0.0,0.2,0.25
14,0.0,0.2,0.25
14,0.0,0.2,0.25
14,0.0,0.2,0.25
14,0.0,0.2,0.25
14,0.0,0.2,0.25
14,0.0,0.2,0.25
14,0.0,0.2,0.25
15,0.0,0.2,0.5
15,0.0,0.2,0.5
15,0.0,0.2,0.5
15,0.0,0.2,0.5
15,0.0,0.2,0.5
15,0.0,0.2,0.5
15,0.0,0.2,0.5
15,0.0,0.2,0.5
15,0.0,0.2,0.5
15,0.0,0.2,0.5
15,0.0,0.2,0.5
15,0.0,0.2,0.5
15,0.0,0.2,0.5
15,0.0,0.2,0.5
15,0.0,0.2,0.5
15,0.0,0.2,0.5
15,0.0,0.2,0.5
15,0.0,0.2,0.5
15,0.0,0.2,0.5
15,0.0,0.2,0.5
15,0.0,0.2,0.5
15,0.0,0.2,0.5
15,0.0,0.2,0.5
15,0.0,0.2,0.5
15,0.0,0.2,0.5
15,0.0,0.2,0.5
15,0.0,0.2,0.5
15,0.0,0.2,0.5
15,0.0,0.2,0.5
15,0.0,0.2,0.5
15,0.0,0.2,0.5
15,0.0,0.2,0.5
15,0.0,0.2,0.5
15,0.0,0.2,0.5
15,0.0,0.2,0.5
15,0.0,0.2,0.5
15,0.0,0.2,0.5
15,0.0,0.2,0.5
15,0.0,0.2,0.5
15,0.0,0.2,0.5
15,0.0,0.2,0.5
15,0.0,0.2,0.5
15,0.0,0.2,0.5
15,0.0,0.2,0.5
15,0.0,0.2,0.5
15,0.0,0.2,0.5
15,0.0,0.2,0.5
15,0.0,0.2,0.5
15,0.0,0.2,0.5
15,0.0,0.2,0.5
15,0.0,0.2,0.5
15,0.0,0.2,0.5
15,0.0,0.2,0.5
15,0.0,0.2,0.5
15,0.0,0.2,0.5
15,0.0,0.2,0.5
15,0.0,0.2,0.5
15,0.0,0.2,0.5
15,0.0,0.2,0.5
15,0.0,0.2,0.5
15,0.0,0.2,0.5
15,0.0,0.2,0.5
15,0.0,0.2,0.5
15,0.0,0.2,0.5
15,0.0,0.2,0.5
15,0.0,0.2,0.5
15,0.0,0.2,0.5
15,0.0,0.2,0.5
15,0.0,0.2,0.5
15,0.0,0.2,0.5
15,0.0,0.2,0.5
15,0.0,0.2,0.5
15,0.0,0.2,0.5
15,0.0,0.2,0.5
15,0.0,0.2,0.5
15,0.0,0.2,0.5
15,0.0,0.2,0.5
15,0.0,0.2,0.5
15,0.0,0.2,0.5
15,0.0,0.2,0.5
15,0.0,0.2,0.5
15,0.0,0.2,0.5
15,0.0,0.2,0.5
15,0.0,0.2,0.5
15,0.0,0.2,0.5
15,0.0,0.2,0.5
15,0.0,0.2,0.5
15,0.0,0.2,0.5
15,0.0,0.2,0.5
15,0.0,0.2,0.5
15,0.0,0.2,0.5
15,0.0,0.2,0.5
15,0.0,0.2,0.5
15,0.0,0.2,0.5
15,0.0,0.2,0.5
15,0.0,0.2,0.5
15,0.0,0.2,0.5
15,0.0,0.2,0.5
15,0.0,0.2,0.5
15,0.0,0.2,0.5
16,0.1,0.0,0.0
16,0.1,0.0,0.0
16,0.1,0.0,0.0
16,0.1,0.0,0.0
16,0.1,0.0,0.0
16,0.1,0.0,0.0
16,0.1,0.0,0.0
16,0.1,0.0,0.0
16,0.1,0.0,0.0
16,0.1,0.0,0.0
16,0.1,0.0,0.0
16,0.1,0.0,0.0
16,0.1,0.0,0.0
16,0.1,0.0,0.0
16,0.1,0.0,0.0
16,0.1,0.0,0.0
16,0.1,0.0,0.0
16,0.1,0.0,0.0
16,0.1,0.0,0.0
16,0.1,0.0,0.0
16,0.1,0.0,0.0
16,0.1,0.0,0.0
16,0.1,0.0,0.0
16,0.1,0.0,0.0
16,0.1,0.0,0.0
16,0.1,0.0,0.0
16,0.1,0.0,0.0
16,0.1,0.0,0.0
16,0.1,0.0,0.0
16,0.1,0.0,0.0
16,0.1,0.0,0.0
16,0.1,0.0,0.0
16,0.1,0.0,0.0
16,0.1,0.0,0.0
16,0.1,0.0,0.0
16,0.1,0.0,0.0
16,0.1,0.0,0.0
16,0.1,0.0,0.0
16,0.1,0.0,0.0
16,0.1,0.0,0.0
16,0.1,0.0,0.0
16,0.1,0.0,0.0
16,0.1,0.0,0.0
16,0.1,0.0,0.0
16,0.1,0.0,0.0
16,0.1,0.0,0.0
16,0.1,0.0,0.0
16,0.1,0.0,0.0
16,0.1,0.0,0.0
16,0.1,0.0,0.0
16,0.1,0.0,0.0
16,0.1,0.0,0.0
16,0.1,0.0,0.0
16,0.1,0.0,0.0
16,0.1,0.0,0.0
16,0.1,0.0,0.0
16,0.1,0.0,0.0
16,0.1,0.0,0.0
16,0.1,0.0,0.0
16,0.1,0.0,0.0
16,0.1,0.0,0.0
16,0.1,0.0,0.0
16,0.1,0.0,0.0
16,0.1,0.0,0.0
16,0.1,0.0,0.0
16,0.1,0.0,0.0
16,0.1,0.0,0.0
16,0.1,0.0,0.0
16,0.1,0.0,0.0
16,0.1,0.0,0.0
16,0.1,0.0,0.0
16,0.1,0.0,0.0
16,0.1,0.0,0.0
16,0.1,0.0,0.0
16,0.1,0.0,0.0
16,0.1,0.0,0.0
16,0.1,0.0,0.0
16,0.1,0.0,0.0
16,0.1,0.0,0.0
16,0.1,0.0,0.0
16,0.1,0.0,0.0
16,0.1,0.0,0.0
16,0.1,0.0,0.0
16,0.1,0.0,0.0
16,0.1,0.0,0.0
16,0.1,0.0,0.0
16,0.1,0.0,0.0
16,0.1,0.0,0.0
16,0.1,0.0,0.0
16,0.1,0.0,0.0
16,0.1,0.0,0.0
16,0.1,0.0,0.0
16,0.1,0.0,0.0
16,0.1,0.0,0.0
16,0.1,0.0,0.0
16,0.1,0.0,0.0
16,0.1,0.0,0.0
16,0.1,0.0,0.0
16,0.1,0.0,0.0
16,0.1,0.0,0.0
17,0.1,0.0,0.05
17,0.1,0.0,0.05
17,0.1,0.0,0.05
17,0.1,0.0,0.05
17,0.1,0.0,0.05
17,0.1,0.0,0.05
17,0.1,0.0,0.05
17,0.1,0.0,0.05
17,0.1,0.0,0.05
17,0.1,0.0,0.05
17,0.1,0.0,0.05
17,0.1,0.0,0.05
17,0.1,0.0,0.05
17,0.1,0.0,0.05
17,0.1,0.0,0.05
17,0.1,0.0,0.05
17,0.1,0.0,0.05
17,0.1,0.0,0.05
17,0.1,0.0,0.05
17,0.1,0.0,0.05
17,0.1,0.0,0.05
17,0.1,0.0,0.05
17,0.1,0.0,0.05
17,0.1,0.0,0.05
17,0.1,0.0,0.05
17,0.1,0.0,0.05
17,0.1,0.0,0.05
17,0.1,0.0,0.05
17,0.1,0.0,0.05
17,0.1,0.0,0.05
17,0.1,0.0,0.05
17,0.1,0.0,0.05
17,0.1,0.0,0.05
17,0.1,0.0,0.05
17,0.1,0.0,0.05
17,0.1,0.0,0.05
17,0.1,0.0,0.05
17,0.1,0.0,0.05
17,0.1,0.0,0.05
17,0.1,0.0,0.05
17,0.1,0.0,0.05
17,0.1,0.0,0.05
17,0.1,0.0,0.05
17,0.1,0.0,0.05
17,0.1,0.0,0.05
17,0.1,0.0,0.05
17,0.1,0.0,0.05
17,0.1,0.0,0.05
17,0.1,0.0,0.05
17,0.1,0.0,0.05
17,0.1,0.0,0.05
17,0.1,0.0,0.05
17,0.1,0.0,0.05
17,0.1,0.0,0.05
17,0.1,0.0,0.05
17,0.1,0.0,0.05
17,0.1,0.0,0.05
17,0.1,0.0,0.05
17,0.1,0.0,0.05
17,0.1,0.0,0.05
17,0.1,0.0,0.05
17,0.1,0.0,0.05
17,0.1,0.0,0.05
17,0.1,0.0,0.05
17,0.1,0.0,0.05
17,0.1,0.0,0.05
17,0.1,0.0,0.05
17,0.1,0.0,0.05
17,0.1,0.0,0.05
17,0.1,0.0,0.05
17,0.1,0.0,0.05
17,0.1,0.0,0.05
17,0.1,0.0,0.05
17,0.1,0.0,0.05
17,0.1,0.0,0.05
17,0.1,0.0,0.05
17,0.1,0.0,0.05
17,0.1,0.0,0.05
17,0.1,0.0,0.05
17,0.1,0.0,0.05
17,0.1,0.0,0.05
17,0.1,0.0,0.05
17,0.1,0.0,0.05
17,0.1,0.0,0.05
17,0.1,0.0,0.05
17,0.1,0.0,0.05
17,0.1,0.0,0.05
17,0.1,0.0,0.05
17,0.1,0.0,0.05
17,0.1,0.0,0.05
17,0.1,0.0,0.05
17,0.1,0.0,0.05
17,0.1,0.0,0.05
17,0.1,0.0,0.05
17,0.1,0.0,0.05
17,0.1,0.0,0.05
17,0.1,0.0,0.05
17,0.1,0.0,0.05
17,0.1,0.0,0.05
17,0.1,0.0,0.05
18,0.1,0.0,0.25
18,0.1,0.0,0.25
18,0.1,0.0,0.25
18,0.1,0.0,0.25
18,0.1,0.0,0.25
18,0.1,0.0,0.25
18,0.1,0.0,0.25
18,0.1,0.0,0.25
18,0.1,0.0,0.25
18,0.1,0.0,0.25
18,0.1,0.0,0.25
18,0.1,0.0,0.25
18,0.1,0.0,0.25
18,0.1,0.0,0.25
18,0.1,0.0,0.25
18,0.1,0.0,0.25
18,0.1,0.0,0.25
18,0.1,0.0,0.25
18,0.1,0.0,0.25
18,0.1,0.0,0.25
18,0.1,0.0,0.25
18,0.1,0.0,0.25
18,0.1,0.0,0.25
18,0.1,0.0,0.25
18,0.1,0.0,0.25
18,0.1,0.0,0.25
18,0.1,0.0,0.25
18,0.1,0.0,0.25
18,0.1,0.0,0.25
18,0.1,0.0,0.25
18,0.1,0.0,0.25
18,0.1,0.0,0.25
18,0.1,0.0,0.25
18,0.1,0.0,0.25
18,0.1,0.0,0.25
18,0.1,0.0,0.25
18,0.1,0.0,0.25
18,0.1,0.0,0.25
18,0.1,0.0,0.25
18,0.1,0.0,0.25
18,0.1,0.0,0.25
18,0.1,0.0,0.25
18,0.1,0.0,0.25
18,0.1,0.0,0.25
18,0.1,0.0,0.25
18,0.1,0.0,0.25
18,0.1,0.0,0.25
18,0.1,0.0,0.25
18,0.1,0.0,0.25
18,0.1,0.0,0.25
18,0.1,0.0,0.25
18,0.1,0.0,0.25
18,0.1,0.0,0.25
18,0.1,0.0,0.25
18,0.1,0.0,0.25
18,0.1,0.0,0.25
18,0.1,0.0,0.25
18,0.1,0.0,0.25
18,0.1,0.0,0.25
18,0.1,0.0,0.25
18,0.1,0.0,0.25
18,0.1,0.0,0.25
18,0.1,0.0,0.25
18,0.1,0.0,0.25
18,0.1,0.0,0.25
18,0.1,0.0,0.25
18,0.1,0.0,0.25
18,0.1,0.0,0.25
18,0.1,0.0,0.25
18,0.1,0.0,0.25
18,0.1,0.0,0.25
18,0.1,0.0,0.25
18,0.1,0.0,0.25
18,0.1,0.0,0.25
18,0.1,0.0,0.25
18,0.1,0.0,0.25
18,0.1,0.0,0.25
18,0.1,0.0,0.25
18,0.1,0.0,0.25
18,0.1,0.0,0.25
18,0.1,0.0,0.25
18,0.1,0.0,0.25
18,0.1,0.0,0.25
18,0.1,0.0,0.25
18,0.1,0.0,0.25
18,0.1,0.0,0.25
18,0.1,0.0,0.25
18,0.1,0.0,0.25
18,0.1,0.0,0.25
18,0.1,0.0,0.25
18,0.1,0.0,0.25
18,0.1,0.0,0.25
18,0.1,0.0,0.25
18,0.1,0.0,0.25
18,0.1,0.0,0.25
18,0.1,0.0,0.25
18,0.1,0.0,0.25
18,0.1,0.0,0.25
18,0.1,0.0,0.25
18,0.1,0.0,0.25
19,0.1,0.0,0.5
19,0.1,0.0,0.5
19,0.1,0.0,0.5
19,0.1,0.0,0.5
19,0.1,0.0,0.5
19,0.1,0.0,0.5
19,0.1,0.0,0.5
19,0.1,0.0,0.5
19,0.1,0.0,0.5
19,0.1,0.0,0.5
19,0.1,0.0,0.5
19,0.1,0.0,0.5
19,0.1,0.0,0.5
19,0.1,0.0,0.5
19,0.1,0.0,0.5
19,0.1,0.0,0.5
19,0.1,0.0,0.5
19,0.1,0.0,0.5
19,0.1,0.0,0.5
19,0.1,0.0,0.5
19,0.1,0.0,0.5
19,0.1,0.0,0.5
19,0.1,0.0,0.5
19,0.1,0.0,0.5
19,0.1,0.0,0.5
19,0.1,0.0,0.5
19,0.1,0.0,0.5
19,0.1,0.0,0.5
19,0.1,0.0,0.5
19,0.1,0.0,0.5
19,0.1,0.0,0.5
19,0.1,0.0,0.5
19,0.1,0.0,0.5
19,0.1,0.0,0.5
19,0.1,0.0,0.5
19,0.1,0.0,0.5
19,0.1,0.0,0.5
19,0.1,0.0,0.5
19,0.1,0.0,0.5
19,0.1,0.0,0.5
19,0.1,0.0,0.5
19,0.1,0.0,0.5
19,0.1,0.0,0.5
19,0.1,0.0,0.5
19,0.1,0.0,0.5
19,0.1,0.0,0.5
19,0.1,0.0,0.5
19,0.1,0.0,0.5
19,0.1,0.0,0.5
19,0.1,0.0,0.5
19,0.1,0.0,0.5
19,0.1,0.0,0.5
19,0.1,0.0,0.5
19,0.1,0.0,0.5
19,0.1,0.0,0.5
19,0.1,0.0,0.5
19,0.1,0.0,0.5
19,0.1,0.0,0.5
19,0.1,0.0,0.5
19,0.1,0.0,0.5
19,0.1,0.0,0.5
19,0.1,0.0,0.5
19,0.1,0.0,0.5
19,0.1,0.0,0.5
19,0.1,0.0,0.5
19,0.1,0.0,0.5
19,0.1,0.0,0.5
19,0.1,0.0,0.5
19,0.1,0.0,0.5
19,0.1,0.0,0.5
19,0.1,0.0,0.5
19,0.1,0.0,0.5
19,0.1,0.0,0.5
19,0.1,0.0,0.5
19,0.1,0.0,0.5
19,0.1,0.0,0.5
19,0.1,0.0,0.5
19,0.1,0.0,0.5
19,0.1,0.0,0.5
19,0.1,0.0,0.5
19,0.1,0.0,0.5
19,0.1,0.0,0.5
19,0.1,0.0,0.5
19,0.1,0.0,0.5
19,0.1,0.0,0.5
19,0.1,0.0,0.5
19,0.1,0.0,0.5
19,0.1,0.0,0.5
19,0.1,0.0,0.5
19,0.1,0.0,0.5
19,0.1,0.0,0.5
19,0.1,0.0,0.5
19,0.1,0.0,0.5
19,0.1,0.0,0.5
19,0.1,0.0,0.5
19,0.1,0.0,0.5
19,0.1,0.0,0.5
19,0.1,0.0,0.5
19,0.1,0.0,0.5
19,0.1,0.0,0.5
20,0.1,0.05,0.0
20,0.1,0.05,0.0
20,0.1,0.05,0.0
20,0.1,0.05,0.0
20,0.1,0.05,0.0
20,0.1,0.05,0.0
20,0.1,0.05,0.0
20,0.1,0.05,0.0
20,0.1,0.05,0.0
20,0.1,0.05,0.0
20,0.1,0.05,0.0
20,0.1,0.05,0.0
20,0.1,0.05,0.0
20,0.1,0.05,0.0
20,0.1,0.05,0.0
20,0.1,0.05,0.0
20,0.1,0.05,0.0
20,0.1,0.05,0.0
20,0.1,0.05,0.0
20,0.1,0.05,0.0
20,0.1,0.05,0.0
20,0.1,0.05,0.0
20,0.1,0.05,0.0
20,0.1,0.05,0.0
20,0.1,0.05,0.0
20,0.1,0.05,0.0
20,0.1,0.05,0.0
20,0.1,0.05,0.0
20,0.1,0.05,0.0
20,0.1,0.05,0.0
20,0.1,0.05,0.0
20,0.1,0.05,0.0
20,0.1,0.05,0.0
20,0.1,0.05,0.0
20,0.1,0.05,0.0
20,0.1,0.05,0.0
20,0.1,0.05,0.0
20,0.1,0.05,0.0
20,0.1,0.05,0.0
20,0.1,0.05,0.0
20,0.1,0.05,0.0
20,0.1,0.05,0.0
20,0.1,0.05,0.0
20,0.1,0.05,0.0
20,0.1,0.05,0.0
20,0.1,0.05,0.0
20,0.1,0.05,0.0
20,0.1,0.05,0.0
20,0.1,0.05,0.0
20,0.1,0.05,0.0
20,0.1,0.05,0.0
20,0.1,0.05,0.0
20,0.1,0.05,0.0
20,0.1,0.05,0.0
20,0.1,0.05,0.0
20,0.1,0.05,0.0
20,0.1,0.05,0.0
20,0.1,0.05,0.0
20,0.1,0.05,0.0
20,0.1,0.05,0.0
20,0.1,0.05,0.0
20,0.1,0.05,0.0
20,0.1,0.05,0.0
20,0.1,0.05,0.0
20,0.1,0.05,0.0
20,0.1,0.05,0.0
20,0.1,0.05,0.0
20,0.1,0.05,0.0
20,0.1,0.05,0.0
20,0.1,0.05,0.0
20,0.1,0.05,0.0
20,0.1,0.05,0.0
20,0.1,0.05,0.0
20,0.1,0.05,0.0
20,0.1,0.05,0.0
20,0.1,0.05,0.0
20,0.1,0.05,0.0
20,0.1,0.05,0.0
20,0.1,0.05,0.0
20,0.1,0.05,0.0
20,0.1,0.05,0.0
20,0.1,0.05,0.0
20,0.1,0.05,0.0
20,0.1,0.05,0.0
20,0.1,0.05,0.0
20,0.1,0.05,0.0
20,0.1,0.05,0.0
20,0.1,0.05,0.0
20,0.1,0.05,0.0
20,0.1,0.05,0.0
20,0.1,0.05,0.0
20,0.1,0.05,0.0
20,0.1,0.05,0.0
20,0.1,0.05,0.0
20,0.1,0.05,0.0
20,0.1,0.05,0.0
20,0.1,0.05,0.0
20,0.1,0.05,0.0
20,0.1,0.05,0.0
20,0.1,0.05,0.0
21,0.1,0.05,0.05
21,0.1,0.05,0.05
21,0.1,0.05,0.05
21,0.1,0.05,0.05
21,0.1,0.05,0.05
21,0.1,0.05,0.05
21,0.1,0.05,0.05
21,0.1,0.05,0.05
21,0.1,0.05,0.05
21,0.1,0.05,0.05
21,0.1,0.05,0.05
21,0.1,0.05,0.05
21,0.1,0.05,0.05
21,0.1,0.05,0.05
21,0.1,0.05,0.05
21,0.1,0.05,0.05
21,0.1,0.05,0.05
21,0.1,0.05,0.05
21,0.1,0.05,0.05
21,0.1,0.05,0.05
21,0.1,0.05,0.05
21,0.1,0.05,0.05
21,0.1,0.05,0.05
21,0.1,0.05,0.05
21,0.1,0.05,0.05
21,0.1,0.05,0.05
21,0.1,0.05,0.05
21,0.1,0.05,0.05
21,0.1,0.05,0.05
21,0.1,0.05,0.05
21,0.1,0.05,0.05
21,0.1,0.05,0.05
21,0.1,0.05,0.05
21,0.1,0.05,0.05
21,0.1,0.05,0.05
21,0.1,0.05,0.05
21,0.1,0.05,0.05
21,0.1,0.05,0.05
21,0.1,0.05,0.05
21,0.1,0.05,0.05
21,0.1,0.05,0.05
21,0.1,0.05,0.05
21,0.1,0.05,0.05
21,0.1,0.05,0.05
21,0.1,0.05,0.05
21,0.1,0.05,0.05
21,0.1,0.05,0.05
21,0.1,0.05,0.05
21,0.1,0.05,0.05
21,0.1,0.05,0.05
21,0.1,0.05,0.05
21,0.1,0.05,0.05
21,0.1,0.05,0.05
21,0.1,0.05,0.05
21,0.1,0.05,0.05
21,0.1,0.05,0.05
21,0.1,0.05,0.05
21,0.1,0.05,0.05
21,0.1,0.05,0.05
21,0.1,0.05,0.05
21,0.1,0.05,0.05
21,0.1,0.05,0.05
21,0.1,0.05,0.05
21,0.1,0.05,0.05
21,0.1,0.05,0.05
21,0.1,0.05,0.05
21,0.1,0.05,0.05
21,0.1,0.05,0.05
21,0.1,0.05,0.05
21,0.1,0.05,0.05
21,0.1,0.05,0.05
21,0.1,0.05,0.05
21,0.1,0.05,0.05
21,0.1,0.05,0.05
21,0.1,0.05,0.05
21,0.1,0.05,0.05
21,0.1,0.05,0.05
21,0.1,0.05,0.05
21,0.1,0.05,0.05
21,0.1,0.05,0.05
21,0.1,0.05,0.05
21,0.1,0.05,0.05
21,0.1,0.05,0.05
21,0.1,0.05,0.05
21,0.1,0.05,0.05
21,0.1,0.05,0.05
21,0.1,0.05,0.05
21,0.1,0.05,0.05
21,0.1,0.05,0.05
21,0.1,0.05,0.05
21,0.1,0.05,0.05
21,0.1,0.05,0.05
21,0.1,0.05,0.05
21,0.1,0.05,0.05
21,0.1,0.05,0.05
21,0.1,0.05,0.05
21,0.1,0.05,0.05
21,0.1,0.05,0.05
21,0.1,0.05,0.05
21,0.1,0.05,0.05
22,0.1,0.05,0.25
22,0.1,0.05,0.25
22,0.1,0.05,0.25
22,0.1,0.05,0.25
22,0.1,0.05,0.25
22,0.1,0.05,0.25
22,0.1,0.05,0.25
22,0.1,0.05,0.25
22,0.1,0.05,0.25
22,0.1,0.05,0.25
22,0.1,0.05,0.25
22,0.1,0.05,0.25
22,0.1,0.05,0.25
22,0.1,0.05,0.25
22,0.1,0.05,0.25
22,0.1,0.05,0.25
22,0.1,0.05,0.25
22,0.1,0.05,0.25
22,0.1,0.05,0.25
22,0.1,0.05,0.25
22,0.1,0.05,0.25
22,0.1,0.05,0.25
22,0.1,0.05,0.25
22,0.1,0.05,0.25
22,0.1,0.05,0.25
22,0.1,0.05,0.25
22,0.1,0.05,0.25
22,0.1,0.05,0.25
22,0.1,0.05,0.25
22,0.1,0.05,0.25
22,0.1,0.05,0.25
22,0.1,0.05,0.25
22,0.1,0.05,0.25
22,0.1,0.05,0.25
22,0.1,0.05,0.25
22,0.1,0.05,0.25
22,0.1,0.05,0.25
22,0.1,0.05,0.25
22,0.1,0.05,0.25
22,0.1,0.05,0.25
22,0.1,0.05,0.25
22,0.1,0.05,0.25
22,0.1,0.05,0.25
22,0.1,0.05,0.25
22,0.1,0.05,0.25
22,0.1,0.05,0.25
22,0.1,0.05,0.25
22,0.1,0.05,0.25
22,0.1,0.05,0.25
22,0.1,0.05,0.25
22,0.1,0.05,0.25
22,0.1,0.05,0.25
22,0.1,0.05,0.25
22,0.1,0.05,0.25
22,0.1,0.05,0.25
22,0.1,0.05,0.25
22,0.1,0.05,0.25
22,0.1,0.05,0.25
22,0.1,0.05,0.25
22,0.1,0.05,0.25
22,0.1,0.05,0.25
22,0.1,0.05,0.25
22,0.1,0.05,0.25
22,0.1,0.05,0.25
22,0.1,0.05,0.25
22,0.1,0.05,0.25
22,0.1,0.05,0.25
22,0.1,0.05,0.25
22,0.1,0.05,0.25
22,0.1,0.05,0.25
22,0.1,0.05,0.25
22,0.1,0.05,0.25
22,0.1,0.05,0.25
22,0.1,0.05,0.25
22,0.1,0.05,0.25
22,0.1,0.05,0.25
22,0.1,0.05,0.25
22,0.1,0.05,0.25
22,0.1,0.05,0.25
22,0.1,0.05,0.25
22,0.1,0.05,0.25
22,0.1,0.05,0.25
22,0.1,0.05,0.25
22,0.1,0.05,0.25
22,0.1,0.05,0.25
22,0.1,0.05,0.25
22,0.1,0.05,0.25
22,0.1,0.05,0.25
22,0.1,0.05,0.25
22,0.1,0.05,0.25
22,0.1,0.05,0.25
22,0.1,0.05,0.25
22,0.1,0.05,0.25
22,0.1,0.05,0.25
22,0.1,0.05,0.25
22,0.1,0.05,0.25
22,0.1,0.05,0.25
22,0.1,0.05,0.25
22,0.1,0.05,0.25
22,0.1,0.05,0.25
23,0.1,0.05,0.5
23,0.1,0.05,0.5
23,0.1,0.05,0.5
23,0.1,0.05,0.5
23,0.1,0.05,0.5
23,0.1,0.05,0.5
23,0.1,0.05,0.5
23,0.1,0.05,0.5
23,0.1,0.05,0.5
23,0.1,0.05,0.5
23,0.1,0.05,0.5
23,0.1,0.05,0.5
23,0.1,0.05,0.5
23,0.1,0.05,0.5
23,0.1,0.05,0.5
23,0.1,0.05,0.5
23,0.1,0.05,0.5
23,0.1,0.05,0.5
23,0.1,0.05,0.5
23,0.1,0.05,0.5
23,0.1,0.05,0.5
23,0.1,0.05,0.5
23,0.1,0.05,0.5
23,0.1,0.05,0.5
23,0.1,0.05,0.5
23,0.1,0.05,0.5
23,0.1,0.05,0.5
23,0.1,0.05,0.5
23,0.1,0.05,0.5
23,0.1,0.05,0.5
23,0.1,0.05,0.5
23,0.1,0.05,0.5
23,0.1,0.05,0.5
23,0.1,0.05,0.5
23,0.1,0.05,0.5
23,0.1,0.05,0.5
23,0.1,0.05,0.5
23,0.1,0.05,0.5
23,0.1,0.05,0.5
23,0.1,0.05,0.5
23,0.1,0.05,0.5
23,0.1,0.05,0.5
23,0.1,0.05,0.5
23,0.1,0.05,0.5
23,0.1,0.05,0.5
23,0.1,0.05,0.5
23,0.1,0.05,0.5
23,0.1,0.05,0.5
23,0.1,0.05,0.5
23,0.1,0.05,0.5
23,0.1,0.05,0.5
23,0.1,0.05,0.5
23,0.1,0.05,0.5
23,0.1,0.05,0.5
23,0.1,0.05,0.5
23,0.1,0.05,0.5
23,0.1,0.05,0.5
23,0.1,0.05,0.5
23,0.1,0.05,0.5
23,0.1,0.05,0.5
23,0.1,0.05,0.5
23,0.1,0.05,0.5
23,0.1,0.05,0.5
23,0.1,0.05,0.5
23,0.1,0.05,0.5
23,0.1,0.05,0.5
23,0.1,0.05,0.5
23,0.1,0.05,0.5
23,0.1,0.05,0.5
23,0.1,0.05,0.5
23,0.1,0.05,0.5
23,0.1,0.05,0.5
23,0.1,0.05,0.5
23,0.1,0.05,0.5
23,0.1,0.05,0.5
23,0.1,0.05,0.5
23,0.1,0.05,0.5
23,0.1,0.05,0.5
23,0.1,0.05,0.5
23,0.1,0.05,0.5
23,0.1,0.05,0.5
23,0.1,0.05,0.5
23,0.1,0.05,0.5
23,0.1,0.05,0.5
23,0.1,0.05,0.5
23,0.1,0.05,0.5
23,0.1,0.05,0.5
23,0.1,0.05,0.5
23,0.1,0.05,0.5
23,0.1,0.05,0.5
23,0.1,0.05,0.5
23,0.1,0.05,0.5
23,0.1,0.05,0.5
23,0.1,0.05,0.5
23,0.1,0.05,0.5
23,0.1,0.05,0.5
23,0.1,0.05,0.5
23,0.1,0.05,0.5
23,0.1,0.05,0.5
23,0.1,0.05,0.5
24,0.1,0.1,0.0
24,0.1,0.1,0.0
24,0.1,0.1,0.0
24,0.1,0.1,0.0
24,0.1,0.1,0.0
24,0.1,0.1,0.0
24,0.1,0.1,0.0
24,0.1,0.1,0.0
24,0.1,0.1,0.0
24,0.1,0.1,0.0
24,0.1,0.1,0.0
24,0.1,0.1,0.0
24,0.1,0.1,0.0
24,0.1,0.1,0.0
24,0.1,0.1,0.0
24,0.1,0.1,0.0
24,0.1,0.1,0.0
24,0.1,0.1,0.0
24,0.1,0.1,0.0
24,0.1,0.1,0.0
24,0.1,0.1,0.0
24,0.1,0.1,0.0
24,0.1,0.1,0.0
24,0.1,0.1,0.0
24,0.1,0.1,0.0
24,0.1,0.1,0.0
24,0.1,0.1,0.0
24,0.1,0.1,0.0
24,0.1,0.1,0.0
24,0.1,0.1,0.0
24,0.1,0.1,0.0
24,0.1,0.1,0.0
24,0.1,0.1,0.0
24,0.1,0.1,0.0
24,0.1,0.1,0.0
24,0.1,0.1,0.0
24,0.1,0.1,0.0
24,0.1,0.1,0.0
24,0.1,0.1,0.0
24,0.1,0.1,0.0
24,0.1,0.1,0.0
24,0.1,0.1,0.0
24,0.1,0.1,0.0
24,0.1,0.1,0.0
24,0.1,0.1,0.0
24,0.1,0.1,0.0
24,0.1,0.1,0.0
24,0.1,0.1,0.0
24,0.1,0.1,0.0
24,0.1,0.1,0.0
24,0.1,0.1,0.0
24,0.1,0.1,0.0
24,0.1,0.1,0.0
24,0.1,0.1,0.0
24,0.1,0.1,0.0
24,0.1,0.1,0.0
24,0.1,0.1,0.0
24,0.1,0.1,0.0
24,0.1,0.1,0.0
24,0.1,0.1,0.0
24,0.1,0.1,0.0
24,0.1,0.1,0.0
24,0.1,0.1,0.0
24,0.1,0.1,0.0
24,0.1,0.1,0.0
24,0.1,0.1,0.0
24,0.1,0.1,0.0
24,0.1,0.1,0.0
24,0.1,0.1,0.0
24,0.1,0.1,0.0
24,0.1,0.1,0.0
24,0.1,0.1,0.0
24,0.1,0.1,0.0
24,0.1,0.1,0.0
24,0.1,0.1,0.0
24,0.1,0.1,0.0
24,0.1,0.1,0.0
24,0.1,0.1,0.0
24,0.1,0.1,0.0
24,0.1,0.1,0.0
24,0.1,0.1,0.0
24,0.1,0.1,0.0
24,0.1,0.1,0.0
24,0.1,0.1,0.0
24,0.1,0.1,0.0
24,0.1,0.1,0.0
24,0.1,0.1,0.0
24,0.1,0.1,0.0
24,0.1,0.1,0.0
24,0.1,0.1,0.0
24,0.1,0.1,0.0
24,0.1,0.1,0.0
24,0.1,0.1,0.0
24,0.1,0.1,0.0
24,0.1,0.1,0.0
24,0.1,0.1,0.0
24,0.1,0.1,0.0
24,0.1,0.1,0.0
24,0.1,0.1,0.0
24,0.1,0.1,0.0
25,0.1,0.1,0.05
25,0.1,0.1,0.05
25,0.1,0.1,0.05
25,0.1,0.1,0.05
25,0.1,0.1,0.05
25,0.1,0.1,0.05
25,0.1,0.1,0.05
25,0.1,0.1,0.05
25,0.1,0.1,0.05
25,0.1,0.1,0.05
25,0.1,0.1,0.05
25,0.1,0.1,0.05
25,0.1,0.1,0.05
25,0.1,0.1,0.05
25,0.1,0.1,0.05
25,0.1,0.1,0.05
25,0.1,0.1,0.05
25,0.1,0.1,0.05
25,0.1,0.1,0.05
25,0.1,0.1,0.05
25,0.1,0.1,0.05
25,0.1,0.1,0.05
25,0.1,0.1,0.05
25,0.1,0.1,0.05
25,0.1,0.1,0.05
25,0.1,0.1,0.05
25,0.1,0.1,0.05
25,0.1,0.1,0.05
25,0.1,0.1,0.05
25,0.1,0.1,0.05
25,0.1,0.1,0.05
25,0.1,0.1,0.05
25,0.1,0.1,0.05
25,0.1,0.1,0.05
25,0.1,0.1,0.05
25,0.1,0.1,0.05
25,0.1,0.1,0.05
25,0.1,0.1,0.05
25,0.1,0.1,0.05
25,0.1,0.1,0.05
25,0.1,0.1,0.05
25,0.1,0.1,0.05
25,0.1,0.1,0.05
25,0.1,0.1,0.05
25,0.1,0.1,0.05
25,0.1,0.1,0.05
25,0.1,0.1,0.05
25,0.1,0.1,0.05
25,0.1,0.1,0.05
25,0.1,0.1,0.05
25,0.1,0.1,0.05
25,0.1,0.1,0.05
25,0.1,0.1,0.05
25,0.1,0.1,0.05
25,0.1,0.1,0.05
25,0.1,0.1,0.05
25,0.1,0.1,0.05
25,0.1,0.1,0.05
25,0.1,0.1,0.05
25,0.1,0.1,0.05
25,0.1,0.1,0.05
25,0.1,0.1,0.05
25,0.1,0.1,0.05
25,0.1,0.1,0.05
25,0.1,0.1,0.05
25,0.1,0.1,0.05
25,0.1,0.1,0.05
25,0.1,0.1,0.05
25,0.1,0.1,0.05
25,0.1,0.1,0.05
25,0.1,0.1,0.05
25,0.1,0.1,0.05
25,0.1,0.1,0.05
25,0.1,0.1,0.05
25,0.1,0.1,0.05
25,0.1,0.1,0.05
25,0.1,0.1,0.05
25,0.1,0.1,0.05
25,0.1,0.1,0.05
25,0.1,0.1,0.05
25,0.1,0.1,0.05
25,0.1,0.1,0.05
25,0.1,0.1,0.05
25,0.1,0.1,0.05
25,0.1,0.1,0.05
25,0.1,0.1,0.05
25,0.1,0.1,0.05
25,0.1,0.1,0.05
25,0.1,0.1,0.05
25,0.1,0.1,0.05
25,0.1,0.1,0.05
25,0.1,0.1,0.05
25,0.1,0.1,0.05
25,0.1,0.1,0.05
25,0.1,0.1,0.05
25,0.1,0.1,0.05
25,0.1,0.1,0.05
25,0.1,0.1,0.05
25,0.1,0.1,0.05
25,0.1,0.1,0.05
26,0.1,0.1,0.25
26,0.1,0.1,0.25
26,0.1,0.1,0.25
26,0.1,0.1,0.25
26,0.1,0.1,0.25
26,0.1,0.1,0.25
26,0.1,0.1,0.25
26,0.1,0.1,0.25
26,0.1,0.1,0.25
26,0.1,0.1,0.25
26,0.1,0.1,0.25
26,0.1,0.1,0.25
26,0.1,0.1,0.25
26,0.1,0.1,0.25
26,0.1,0.1,0.25
26,0.1,0.1,0.25
26,0.1,0.1,0.25
26,0.1,0.1,0.25
26,0.1,0.1,0.25
26,0.1,0.1,0.25
26,0.1,0.1,0.25
26,0.1,0.1,0.25
26,0.1,0.1,0.25
26,0.1,0.1,0.25
26,0.1,0.1,0.25
26,0.1,0.1,0.25
26,0.1,0.1,0.25
26,0.1,0.1,0.25
26,0.1,0.1,0.25
26,0.1,0.1,0.25
26,0.1,0.1,0.25
26,0.1,0.1,0.25
26,0.1,0.1,0.25
26,0.1,0.1,0.25
26,0.1,0.1,0.25
26,0.1,0.1,0.25
26,0.1,0.1,0.25
26,0.1,0.1,0.25
26,0.1,0.1,0.25
26,0.1,0.1,0.25
26,0.1,0.1,0.25
26,0.1,0.1,0.25
26,0.1,0.1,0.25
26,0.1,0.1,0.25
26,0.1,0.1,0.25
26,0.1,0.1,0.25
26,0.1,0.1,0.25
26,0.1,0.1,0.25
26,0.1,0.1,0.25
26,0.1,0.1,0.25
26,0.1,0.1,0.25
26,0.1,0.1,0.25
26,0.1,0.1,0.25
26,0.1,0.1,0.25
26,0.1,0.1,0.25
26,0.1,0.1,0.25
26,0.1,0.1,0.25
26,0.1,0.1,0.25
26,0.1,0.1,0.25
26,0.1,0.1,0.25
26,0.1,0.1,0.25
26,0.1,0.1,0.25
26,0.1,0.1,0.25
26,0.1,0.1,0.25
26,0.1,0.1,0.25
26,0.1,0.1,0.25
26,0.1,0.1,0.25
26,0.1,0.1,0.25
26,0.1,0.1,0.25
26,0.1,0.1,0.25
26,0.1,0.1,0.25
26,0.1,0.1,0.25
26,0.1,0.1,0.25
26,0.1,0.1,0.25
26,0.1,0.1,0.25
26,0.1,0.1,0.25
26,0.1,0.1,0.25
26,0.1,0.1,0.25
26,0.1,0.1,0.25
26,0.1,0.1,0.25
26,0.1,0.1,0.25
26,0.1,0.1,0.25
26,0.1,0.1,0.25
26,0.1,0.1,0.25
26,0.1,0.1,0.25
26,0.1,0.1,0.25
26,0.1,0.1,0.25
26,0.1,0.1,0.25
26,0.1,0.1,0.25
26,0.1,0.1,0.25
26,0.1,0.1,0.25
26,0.1,0.1,0.25
26,0.1,0.1,0.25
26,0.1,0.1,0.25
26,0.1,0.1,0.25
26,0.1,0.1,0.25
26,0.1,0.1,0.25
26,0.1,0.1,0.25
26,0.1,0.1,0.25
26,0.1,0.1,0.25
27,0.1,0.1,0.5
27,0.1,0.1,0.5
27,0.1,0.1,0.5
27,0.1,0.1,0.5
27,0.1,0.1,0.5
27,0.1,0.1,0.5
27,0.1,0.1,0.5
27,0.1,0.1,0.5
27,0.1,0.1,0.5
27,0.1,0.1,0.5
27,0.1,0.1,0.5
27,0.1,0.1,0.5
27,0.1,0.1,0.5
27,0.1,0.1,0.5
27,0.1,0.1,0.5
27,0.1,0.1,0.5
27,0.1,0.1,0.5
27,0.1,0.1,0.5
27,0.1,0.1,0.5
27,0.1,0.1,0.5
27,0.1,0.1,0.5
27,0.1,0.1,0.5
27,0.1,0.1,0.5
27,0.1,0.1,0.5
27,0.1,0.1,0.5
27,0.1,0.1,0.5
27,0.1,0.1,0.5
27,0.1,0.1,0.5
27,0.1,0.1,0.5
27,0.1,0.1,0.5
27,0.1,0.1,0.5
27,0.1,0.1,0.5
27,0.1,0.1,0.5
27,0.1,0.1,0.5
27,0.1,0.1,0.5
27,0.1,0.1,0.5
27,0.1,0.1,0.5
27,0.1,0.1,0.5
27,0.1,0.1,0.5
27,0.1,0.1,0.5
27,0.1,0.1,0.5
27,0.1,0.1,0.5
27,0.1,0.1,0.5
27,0.1,0.1,0.5
27,0.1,0.1,0.5
27,0.1,0.1,0.5
27,0.1,0.1,0.5
27,0.1,0.1,0.5
27,0.1,0.1,0.5
27,0.1,0.1,0.5
27,0.1,0.1,0.5
27,0.1,0.1,0.5
27,0.1,0.1,0.5
27,0.1,0.1,0.5
27,0.1,0.1,0.5
27,0.1,0.1,0.5
27,0.1,0.1,0.5
27,0.1,0.1,0.5
27,0.1,0.1,0.5
27,0.1,0.1,0.5
27,0.1,0.1,0.5
27,0.1,0.1,0.5
27,0.1,0.1,0.5
27,0.1,0.1,0.5
27,0.1,0.1,0.5
27,0.1,0.1,0.5
27,0.1,0.1,0.5
27,0.1,0.1,0.5
27,0.1,0.1,0.5
27,0.1,0.1,0.5
27,0.1,0.1,0.5
27,0.1,0.1,0.5
27,0.1,0.1,0.5
27,0.1,0.1,0.5
27,0.1,0.1,0.5
27,0.1,0.1,0.5
27,0.1,0.1,0.5
27,0.1,0.1,0.5
27,0.1,0.1,0.5
27,0.1,0.1,0.5
27,0.1,0.1,0.5
27,0.1,0.1,0.5
27,0.1,0.1,0.5
27,0.1,0.1,0.5
27,0.1,0.1,0.5
27,0.1,0.1,0.5
27,0.1,0.1,0.5
27,0.1,0.1,0.5
27,0.1,0.1,0.5
27,0.1,0.1,0.5
27,0.1,0.1,0.5
27,0.1,0.1,0.5
27,0.1,0.1,0.5
27,0.1,0.1,0.5
27,0.1,0.1,0.5
27,0.1,0.1,0.5
27,0.1,0.1,0.5
27,0.1,0.1,0.5
27,0.1,0.1,0.5
27,0.1,0.1,0.5
28,0.1,0.2,0.0
28,0.1,0.2,0.0
28,0.1,0.2,0.0
28,0.1,0.2,0.0
28,0.1,0.2,0.0
28,0.1,0.2,0.0
28,0.1,0.2,0.0
28,0.1,0.2,0.0
28,0.1,0.2,0.0
28,0.1,0.2,0.0
28,0.1,0.2,0.0
28,0.1,0.2,0.0
28,0.1,0.2,0.0
28,0.1,0.2,0.0
28,0.1,0.2,0.0
28,0.1,0.2,0.0
28,0.1,0.2,0.0
28,0.1,0.2,0.0
28,0.1,0.2,0.0
28,0.1,0.2,0.0
28,0.1,0.2,0.0
28,0.1,0.2,0.0
28,0.1,0.2,0.0
28,0.1,0.2,0.0
28,0.1,0.2,0.0
28,0.1,0.2,0.0
28,0.1,0.2,0.0
28,0.1,0.2,0.0
28,0.1,0.2,0.0
28,0.1,0.2,0.0
28,0.1,0.2,0.0
28,0.1,0.2,0.0
28,0.1,0.2,0.0
28,0.1,0.2,0.0
28,0.1,0.2,0.0
28,0.1,0.2,0.0
28,0.1,0.2,0.0
28,0.1,0.2,0.0
28,0.1,0.2,0.0
28,0.1,0.2,0.0
28,0.1,0.2,0.0
28,0.1,0.2,0.0
28,0.1,0.2,0.0
28,0.1,0.2,0.0
28,0.1,0.2,0.0
28,0.1,0.2,0.0
28,0.1,0.2,0.0
28,0.1,0.2,0.0
28,0.1,0.2,0.0
28,0.1,0.2,0.0
28,0.1,0.2,0.0
28,0.1,0.2,0.0
28,0.1,0.2,0.0
28,0.1,0.2,0.0
28,0.1,0.2,0.0
28,0.1,0.2,0.0
28,0.1,0.2,0.0
28,0.1,0.2,0.0
28,0.1,0.2,0.0
28,0.1,0.2,0.0
28,0.1,0.2,0.0
28,0.1,0.2,0.0
28,0.1,0.2,0.0
28,0.1,0.2,0.0
28,0.1,0.2,0.0
28,0.1,0.2,0.0
28,0.1,0.2,0.0
28,0.1,0.2,0.0
28,0.1,0.2,0.0
28,0.1,0.2,0.0
28,0.1,0.2,0.0
28,0.1,0.2,0.0
28,0.1,0.2,0.0
28,0.1,0.2,0.0
28,0.1,0.2,0.0
28,0.1,0.2,0.0
28,0.1,0.2,0.0
28,0.1,0.2,0.0
28,0.1,0.2,0.0
28,0.1,0.2,0.0
28,0.1,0.2,0.0
28,0.1,0.2,0.0
28,0.1,0.2,0.0
28,0.1,0.2,0.0
28,0.1,0.2,0.0
28,0.1,0.2,0.0
28,0.1,0.2,0.0
28,0.1,0.2,0.0
28,0.1,0.2,0.0
28,0.1,0.2,0.0
28,0.1,0.2,0.0
28,0.1,0.2,0.0
28,0.1,0.2,0.0
28,0.1,0.2,0.0
28,0.1,0.2,0.0
28,0.1,0.2,0.0
28,0.1,0.2,0.0
28,0.1,0.2,0.0
28,0.1,0.2,0.0
28,0.1,0.2,0.0
29,0.1,0.2,0.05
29,0.1,0.2,0.05
29,0.1,0.2,0.05
29,0.1,0.2,0.05
29,0.1,0.2,0.05
29,0.1,0.2,0.05
29,0.1,0.2,0.05
29,0.1,0.2,0.05
29,0.1,0.2,0.05
29,0.1,0.2,0.05
29,0.1,0.2,0.05
29,0.1,0.2,0.05
29,0.1,0.2,0.05
29,0.1,0.2,0.05
29,0.1,0.2,0.05
29,0.1,0.2,0.05
29,0.1,0.2,0.05
29,0.1,0.2,0.05
29,0.1,0.2,0.05
29,0.1,0.2,0.05
29,0.1,0.2,0.05
29,0.1,0.2,0.05
29,0.1,0.2,0.05
29,0.1,0.2,0.05
29,0.1,0.2,0.05
29,0.1,0.2,0.05
29,0.1,0.2,0.05
29,0.1,0.2,0.05
29,0.1,0.2,0.05
29,0.1,0.2,0.05
29,0.1,0.2,0.05
29,0.1,0.2,0.05
29,0.1,0.2,0.05
29,0.1,0.2,0.05
29,0.1,0.2,0.05
29,0.1,0.2,0.05
29,0.1,0.2,0.05
29,0.1,0.2,0.05
29,0.1,0.2,0.05
29,0.1,0.2,0.05
29,0.1,0.2,0.05
29,0.1,0.2,0.05
29,0.1,0.2,0.05
29,0.1,0.2,0.05
29,0.1,0.2,0.05
29,0.1,0.2,0.05
29,0.1,0.2,0.05
29,0.1,0.2,0.05
29,0.1,0.2,0.05
29,0.1,0.2,0.05
29,0.1,0.2,0.05
29,0.1,0.2,0.05
29,0.1,0.2,0.05
29,0.1,0.2,0.05
29,0.1,0.2,0.05
29,0.1,0.2,0.05
29,0.1,0.2,0.05
29,0.1,0.2,0.05
29,0.1,0.2,0.05
29,0.1,0.2,0.05
29,0.1,0.2,0.05
29,0.1,0.2,0.05
29,0.1,0.2,0.05
29,0.1,0.2,0.05
29,0.1,0.2,0.05
29,0.1,0.2,0.05
29,0.1,0.2,0.05
29,0.1,0.2,0.05
29,0.1,0.2,0.05
29,0.1,0.2,0.05
29,0.1,0.2,0.05
29,0.1,0.2,0.05
29,0.1,0.2,0.05
29,0.1,0.2,0.05
29,0.1,0.2,0.05
29,0.1,0.2,0.05
29,0.1,0.2,0.05
29,0.1,0.2,0.05
29,0.1,0.2,0.05
29,0.1,0.2,0.05
29,0.1,0.2,0.05
29,0.1,0.2,0.05
29,0.1,0.2,0.05
29,0.1,0.2,0.05
29,0.1,0.2,0.05
29,0.1,0.2,0.05
29,0.1,0.2,0.05
29,0.1,0.2,0.05
29,0.1,0.2,0.05
29,0.1,0.2,0.05
29,0.1,0.2,0.05
29,0.1,0.2,0.05
29,0.1,0.2,0.05
29,0.1,0.2,0.05
29,0.1,0.2,0.05
29,0.1,0.2,0.05
29,0.1,0.2,0.05
29,0.1,0.2,0.05
29,0.1,0.2,0.05
29,0.1,0.2,0.05
30,0.1,0.2,0.25
30,0.1,0.2,0.25
30,0.1,0.2,0.25
30,0.1,0.2,0.25
30,0.1,0.2,0.25
30,0.1,0.2,0.25
30,0.1,0.2,0.25
30,0.1,0.2,0.25
30,0.1,0.2,0.25
30,0.1,0.2,0.25
30,0.1,0.2,0.25
30,0.1,0.2,0.25
30,0.1,0.2,0.25
30,0.1,0.2,0.25
30,0.1,0.2,0.25
30,0.1,0.2,0.25
30,0.1,0.2,0.25
30,0.1,0.2,0.25
30,0.1,0.2,0.25
30,0.1,0.2,0.25
30,0.1,0.2,0.25
30,0.1,0.2,0.25
30,0.1,0.2,0.25
30,0.1,0.2,0.25
30,0.1,0.2,0.25
30,0.1,0.2,0.25
30,0.1,0.2,0.25
30,0.1,0.2,0.25
30,0.1,0.2,0.25
30,0.1,0.2,0.25
30,0.1,0.2,0.25
30,0.1,0.2,0.25
30,0.1,0.2,0.25
30,0.1,0.2,0.25
30,0.1,0.2,0.25
30,0.1,0.2,0.25
30,0.1,0.2,0.25
30,0.1,0.2,0.25
30,0.1,0.2,0.25
30,0.1,0.2,0.25
30,0.1,0.2,0.25
30,0.1,0.2,0.25
30,0.1,0.2,0.25
30,0.1,0.2,0.25
30,0.1,0.2,0.25
30,0.1,0.2,0.25
30,0.1,0.2,0.25
30,0.1,0.2,0.25
30,0.1,0.2,0.25
30,0.1,0.2,0.25
30,0.1,0.2,0.25
30,0.1,0.2,0.25
30,0.1,0.2,0.25
30,0.1,0.2,0.25
30,0.1,0.2,0.25
30,0.1,0.2,0.25
30,0.1,0.2,0.25
30,0.1,0.2,0.25
30,0.1,0.2,0.25
30,0.1,0.2,0.25
30,0.1,0.2,0.25
30,0.1,0.2,0.25
30,0.1,0.2,0.25
30,0.1,0.2,0.25
30,0.1,0.2,0.25
30,0.1,0.2,0.25
30,0.1,0.2,0.25
30,0.1,0.2,0.25
30,0.1,0.2,0.25
30,0.1,0.2,0.25
30,0.1,0.2,0.25
30,0.1,0.2,0.25
30,0.1,0.2,0.25
30,0.1,0.2,0.25
30,0.1,0.2,0.25
30,0.1,0.2,0.25
30,0.1,0.2,0.25
30,0.1,0.2,0.25
30,0.1,0.2,0.25
30,0.1,0.2,0.25
30,0.1,0.2,0.25
30,0.1,0.2,0.25
30,0.1,0.2,0.25
30,0.1,0.2,0.25
30,0.1,0.2,0.25
30,0.1,0.2,0.25
30,0.1,0.2,0.25
30,0.1,0.2,0.25
30,0.1,0.2,0.25
30,0.1,0.2,0.25
30,0.1,0.2,0.25
30,0.1,0.2,0.25
30,0.1,0.2,0.25
30,0.1,0.2,0.25
30,0.1,0.2,0.25
30,0.1,0.2,0.25
30,0.1,0.2,0.25
30,0.1,0.2,0.25
30,0.1,0.2,0.25
30,0.1,0.2,0.25
31,0.1,0.2,0.5
31,0.1,0.2,0.5
31,0.1,0.2,0.5
31,0.1,0.2,0.5
31,0.1,0.2,0.5
31,0.1,0.2,0.5
31,0.1,0.2,0.5
31,0.1,0.2,0.5
31,0.1,0.2,0.5
31,0.1,0.2,0.5
31,0.1,0.2,0.5
31,0.1,0.2,0.5
31,0.1,0.2,0.5
31,0.1,0.2,0.5
31,0.1,0.2,0.5
31,0.1,0.2,0.5
31,0.1,0.2,0.5
31,0.1,0.2,0.5
31,0.1,0.2,0.5
31,0.1,0.2,0.5
31,0.1,0.2,0.5
31,0.1,0.2,0.5
31,0.1,0.2,0.5
31,0.1,0.2,0.5
31,0.1,0.2,0.5
31,0.1,0.2,0.5
31,0.1,0.2,0.5
31,0.1,0.2,0.5
31,0.1,0.2,0.5
31,0.1,0.2,0.5
31,0.1,0.2,0.5
31,0.1,0.2,0.5
31,0.1,0.2,0.5
31,0.1,0.2,0.5
31,0.1,0.2,0.5
31,0.1,0.2,0.5
31,0.1,0.2,0.5
31,0.1,0.2,0.5
31,0.1,0.2,0.5
31,0.1,0.2,0.5
31,0.1,0.2,0.5
31,0.1,0.2,0.5
31,0.1,0.2,0.5
31,0.1,0.2,0.5
31,0.1,0.2,0.5
31,0.1,0.2,0.5
31,0.1,0.2,0.5
31,0.1,0.2,0.5
31,0.1,0.2,0.5
31,0.1,0.2,0.5
31,0.1,0.2,0.5
31,0.1,0.2,0.5
31,0.1,0.2,0.5
31,0.1,0.2,0.5
31,0.1,0.2,0.5
31,0.1,0.2,0.5
31,0.1,0.2,0.5
31,0.1,0.2,0.5
31,0.1,0.2,0.5
31,0.1,0.2,0.5
31,0.1,0.2,0.5
31,0.1,0.2,0.5
31,0.1,0.2,0.5
31,0.1,0.2,0.5
31,0.1,0.2,0.5
31,0.1,0.2,0.5
31,0.1,0.2,0.5
31,0.1,0.2,0.5
31,0.1,0.2,0.5
31,0.1,0.2,0.5
31,0.1,0.2,0.5
31,0.1,0.2,0.5
31,0.1,0.2,0.5
31,0.1,0.2,0.5
31,0.1,0.2,0.5
31,0.1,0.2,0.5
31,0.1,0.2,0.5
31,0.1,0.2,0.5
31,0.1,0.2,0.5
31,0.1,0.2,0.5
31,0.1,0.2,0.5
31,0.1,0.2,0.5
31,0.1,0.2,0.5
31,0.1,0.2,0.5
31,0.1,0.2,0.5
31,0.1,0.2,0.5
31,0.1,0.2,0.5
31,0.1,0.2,0.5
31,0.1,0.2,0.5
31,0.1,0.2,0.5
31,0.1,0.2,0.5
31,0.1,0.2,0.5
31,0.1,0.2,0.5
31,0.1,0.2,0.5
31,0.1,0.2,0.5
31,0.1,0.2,0.5
31,0.1,0.2,0.5
31,0.1,0.2,0.5
31,0.1,0.2,0.5
31,0.1,0.2,0.5
32,0.2,0.0,0.0
32,0.2,0.0,0.0
32,0.2,0.0,0.0
32,0.2,0.0,0.0
32,0.2,0.0,0.0
32,0.2,0.0,0.0
32,0.2,0.0,0.0
32,0.2,0.0,0.0
32,0.2,0.0,0.0
32,0.2,0.0,0.0
32,0.2,0.0,0.0
32,0.2,0.0,0.0
32,0.2,0.0,0.0
32,0.2,0.0,0.0
32,0.2,0.0,0.0
32,0.2,0.0,0.0
32,0.2,0.0,0.0
32,0.2,0.0,0.0
32,0.2,0.0,0.0
32,0.2,0.0,0.0
32,0.2,0.0,0.0
32,0.2,0.0,0.0
32,0.2,0.0,0.0
32,0.2,0.0,0.0
32,0.2,0.0,0.0
32,0.2,0.0,0.0
32,0.2,0.0,0.0
32,0.2,0.0,0.0
32,0.2,0.0,0.0
32,0.2,0.0,0.0
32,0.2,0.0,0.0
32,0.2,0.0,0.0
32,0.2,0.0,0.0
32,0.2,0.0,0.0
32,0.2,0.0,0.0
32,0.2,0.0,0.0
32,0.2,0.0,0.0
32,0.2,0.0,0.0
32,0.2,0.0,0.0
32,0.2,0.0,0.0
32,0.2,0.0,0.0
32,0.2,0.0,0.0
32,0.2,0.0,0.0
32,0.2,0.0,0.0
32,0.2,0.0,0.0
32,0.2,0.0,0.0
32,0.2,0.0,0.0
32,0.2,0.0,0.0
32,0.2,0.0,0.0
32,0.2,0.0,0.0
32,0.2,0.0,0.0
32,0.2,0.0,0.0
32,0.2,0.0,0.0
32,0.2,0.0,0.0
32,0.2,0.0,0.0
32,0.2,0.0,0.0
32,0.2,0.0,0.0
32,0.2,0.0,0.0
32,0.2,0.0,0.0
32,0.2,0.0,0.0
32,0.2,0.0,0.0
32,0.2,0.0,0.0
32,0.2,0.0,0.0
32,0.2,0.0,0.0
32,0.2,0.0,0.0
32,0.2,0.0,0.0
32,0.2,0.0,0.0
32,0.2,0.0,0.0
32,0.2,0.0,0.0
32,0.2,0.0,0.0
32,0.2,0.0,0.0
32,0.2,0.0,0.0
32,0.2,0.0,0.0
32,0.2,0.0,0.0
32,0.2,0.0,0.0
32,0.2,0.0,0.0
32,0.2,0.0,0.0
32,0.2,0.0,0.0
32,0.2,0.0,0.0
32,0.2,0.0,0.0
32,0.2,0.0,0.0
32,0.2,0.0,0.0
32,0.2,0.0,0.0
32,0.2,0.0,0.0
32,0.2,0.0,0.0
32,0.2,0.0,0.0
32,0.2,0.0,0.0
32,0.2,0.0,0.0
32,0.2,0.0,0.0
32,0.2,0.0,0.0
32,0.2,0.0,0.0
32,0.2,0.0,0.0
32,0.2,0.0,0.0
32,0.2,0.0,0.0
32,0.2,0.0,0.0
32,0.2,0.0,0.0
32,0.2,0.0,0.0
32,0.2,0.0,0.0
32,0.2,0.0,0.0
32,0.2,0.0,0.0
33,0.2,0.0,0.05
33,0.2,0.0,0.05
33,0.2,0.0,0.05
33,0.2,0.0,0.05
33,0.2,0.0,0.05
33,0.2,0.0,0.05
33,0.2,0.0,0.05
33,0.2,0.0,0.05
33,0.2,0.0,0.05
33,0.2,0.0,0.05
33,0.2,0.0,0.05
33,0.2,0.0,0.05
33,0.2,0.0,0.05
33,0.2,0.0,0.05
33,0.2,0.0,0.05
33,0.2,0.0,0.05
33,0.2,0.0,0.05
33,0.2,0.0,0.05
33,0.2,0.0,0.05
33,0.2,0.0,0.05
33,0.2,0.0,0.05
33,0.2,0.0,0.05
33,0.2,0.0,0.05
33,0.2,0.0,0.05
33,0.2,0.0,0.05
33,0.2,0.0,0.05
33,0.2,0.0,0.05
33,0.2,0.0,0.05
33,0.2,0.0,0.05
33,0.2,0.0,0.05
33,0.2,0.0,0.05
33,0.2,0.0,0.05
33,0.2,0.0,0.05
33,0.2,0.0,0.05
33,0.2,0.0,0.05
33,0.2,0.0,0.05
33,0.2,0.0,0.05
33,0.2,0.0,0.05
33,0.2,0.0,0.05
33,0.2,0.0,0.05
33,0.2,0.0,0.05
33,0.2,0.0,0.05
33,0.2,0.0,0.05
33,0.2,0.0,0.05
33,0.2,0.0,0.05
33,0.2,0.0,0.05
33,0.2,0.0,0.05
33,0.2,0.0,0.05
33,0.2,0.0,0.05
33,0.2,0.0,0.05
33,0.2,0.0,0.05
33,0.2,0.0,0.05
33,0.2,0.0,0.05
33,0.2,0.0,0.05
33,0.2,0.0,0.05
33,0.2,0.0,0.05
33,0.2,0.0,0.05
33,0.2,0.0,0.05
33,0.2,0.0,0.05
33,0.2,0.0,0.05
33,0.2,0.0,0.05
33,0.2,0.0,0.05
33,0.2,0.0,0.05
33,0.2,0.0,0.05
33,0.2,0.0,0.05
33,0.2,0.0,0.05
33,0.2,0.0,0.05
33,0.2,0.0,0.05
33,0.2,0.0,0.05
33,0.2,0.0,0.05
33,0.2,0.0,0.05
33,0.2,0.0,0.05
33,0.2,0.0,0.05
33,0.2,0.0,0.05
33,0.2,0.0,0.05
33,0.2,0.0,0.05
33,0.2,0.0,0.05
33,0.2,0.0,0.05
33,0.2,0.0,0.05
33,0.2,0.0,0.05
33,0.2,0.0,0.05
33,0.2,0.0,0.05
33,0.2,0.0,0.05
33,0.2,0.0,0.05
33,0.2,0.0,0.05
33,0.2,0.0,0.05
33,0.2,0.0,0.05
33,0.2,0.0,0.05
33,0.2,0.0,0.05
33,0.2,0.0,0.05
33,0.2,0.0,0.05
33,0.2,0.0,0.05
33,0.2,0.0,0.05
33,0.2,0.0,0.05
33,0.2,0.0,0.05
33,0.2,0.0,0.05
33,0.2,0.0,0.05
33,0.2,0.0,0.05
33,0.2,0.0,0.05
33,0.2,0.0,0.05
34,0.2,0.0,0.25
34,0.2,0.0,0.25
34,0.2,0.0,0.25
34,0.2,0.0,0.25
34,0.2,0.0,0.25
34,0.2,0.0,0.25
34,0.2,0.0,0.25
34,0.2,0.0,0.25
34,0.2,0.0,0.25
34,0.2,0.0,0.25
34,0.2,0.0,0.25
34,0.2,0.0,0.25
34,0.2,0.0,0.25
34,0.2,0.0,0.25
34,0.2,0.0,0.25
34,0.2,0.0,0.25
34,0.2,0.0,0.25
34,0.2,0.0,0.25
34,0.2,0.0,0.25
34,0.2,0.0,0.25
34,0.2,0.0,0.25
34,0.2,0.0,0.25
34,0.2,0.0,0.25
34,0.2,0.0,0.25
34,0.2,0.0,0.25
34,0.2,0.0,0.25
34,0.2,0.0,0.25
34,0.2,0.0,0.25
34,0.2,0.0,0.25
34,0.2,0.0,0.25
34,0.2,0.0,0.25
34,0.2,0.0,0.25
34,0.2,0.0,0.25
34,0.2,0.0,0.25
34,0.2,0.0,0.25
34,0.2,0.0,0.25
34,0.2,0.0,0.25
34,0.2,0.0,0.25
34,0.2,0.0,0.25
34,0.2,0.0,0.25
34,0.2,0.0,0.25
34,0.2,0.0,0.25
34,0.2,0.0,0.25
34,0.2,0.0,0.25
34,0.2,0.0,0.25
34,0.2,0.0,0.25
34,0.2,0.0,0.25
34,0.2,0.0,0.25
34,0.2,0.0,0.25
34,0.2,0.0,0.25
34,0.2,0.0,0.25
34,0.2,0.0,0.25
34,0.2,0.0,0.25
34,0.2,0.0,0.25
34,0.2,0.0,0.25
34,0.2,0.0,0.25
34,0.2,0.0,0.25
34,0.2,0.0,0.25
34,0.2,0.0,0.25
34,0.2,0.0,0.25
34,0.2,0.0,0.25
34,0.2,0.0,0.25
34,0.2,0.0,0.25
34,0.2,0.0,0.25
34,0.2,0.0,0.25
34,0.2,0.0,0.25
34,0.2,0.0,0.25
34,0.2,0.0,0.25
34,0.2,0.0,0.25
34,0.2,0.0,0.25
34,0.2,0.0,0.25
34,0.2,0.0,0.25
34,0.2,0.0,0.25
34,0.2,0.0,0.25
34,0.2,0.0,0.25
34,0.2,0.0,0.25
34,0.2,0.0,0.25
34,0.2,0.0,0.25
34,0.2,0.0,0.25
34,0.2,0.0,0.25
34,0.2,0.0,0.25
34,0.2,0.0,0.25
34,0.2,0.0,0.25
34,0.2,0.0,0.25
34,0.2,0.0,0.25
34,0.2,0.0,0.25
34,0.2,0.0,0.25
34,0.2,0.0,0.25
34,0.2,0.0,0.25
34,0.2,0.0,0.25
34,0.2,0.0,0.25
34,0.2,0.0,0.25
34,0.2,0.0,0.25
34,0.2,0.0,0.25
34,0.2,0.0,0.25
34,0.2,0.0,0.25
34,0.2,0.0,0.25
34,0.2,0.0,0.25
34,0.2,0.0,0.25
34,0.2,0.0,0.25
35,0.2,0.0,0.5
35,0.2,0.0,0.5
35,0.2,0.0,0.5
35,0.2,0.0,0.5
35,0.2,0.0,0.5
35,0.2,0.0,0.5
35,0.2,0.0,0.5
35,0.2,0.0,0.5
35,0.2,0.0,0.5
35,0.2,0.0,0.5
35,0.2,0.0,0.5
35,0.2,0.0,0.5
35,0.2,0.0,0.5
35,0.2,0.0,0.5
35,0.2,0.0,0.5
35,0.2,0.0,0.5
35,0.2,0.0,0.5
35,0.2,0.0,0.5
35,0.2,0.0,0.5
35,0.2,0.0,0.5
35,0.2,0.0,0.5
35,0.2,0.0,0.5
35,0.2,0.0,0.5
35,0.2,0.0,0.5
35,0.2,0.0,0.5
35,0.2,0.0,0.5
35,0.2,0.0,0.5
35,0.2,0.0,0.5
35,0.2,0.0,0.5
35,0.2,0.0,0.5
35,0.2,0.0,0.5
35,0.2,0.0,0.5
35,0.2,0.0,0.5
35,0.2,0.0,0.5
35,0.2,0.0,0.5
35,0.2,0.0,0.5
35,0.2,0.0,0.5
35,0.2,0.0,0.5
35,0.2,0.0,0.5
35,0.2,0.0,0.5
35,0.2,0.0,0.5
35,0.2,0.0,0.5
35,0.2,0.0,0.5
35,0.2,0.0,0.5
35,0.2,0.0,0.5
35,0.2,0.0,0.5
35,0.2,0.0,0.5
35,0.2,0.0,0.5
35,0.2,0.0,0.5
35,0.2,0.0,0.5
35,0.2,0.0,0.5
35,0.2,0.0,0.5
35,0.2,0.0,0.5
35,0.2,0.0,0.5
35,0.2,0.0,0.5
35,0.2,0.0,0.5
35,0.2,0.0,0.5
35,0.2,0.0,0.5
35,0.2,0.0,0.5
35,0.2,0.0,0.5
35,0.2,0.0,0.5
35,0.2,0.0,0.5
35,0.2,0.0,0.5
35,0.2,0.0,0.5
35,0.2,0.0,0.5
35,0.2,0.0,0.5
35,0.2,0.0,0.5
35,0.2,0.0,0.5
35,0.2,0.0,0.5
35,0.2,0.0,0.5
35,0.2,0.0,0.5
35,0.2,0.0,0.5
35,0.2,0.0,0.5
35,0.2,0.0,0.5
35,0.2,0.0,0.5
35,0.2,0.0,0.5
35,0.2,0.0,0.5
35,0.2,0.0,0.5
35,0.2,0.0,0.5
35,0.2,0.0,0.5
35,0.2,0.0,0.5
35,0.2,0.0,0.5
35,0.2,0.0,0.5
35,0.2,0.0,0.5
35,0.2,0.0,0.5
35,0.2,0.0,0.5
35,0.2,0.0,0.5
35,0.2,0.0,0.5
35,0.2,0.0,0.5
35,0.2,0.0,0.5
35,0.2,0.0,0.5
35,0.2,0.0,0.5
35,0.2,0.0,0.5
35,0.2,0.0,0.5
35,0.2,0.0,0.5
35,0.2,0.0,0.5
35,0.2,0.0,0.5
35,0.2,0.0,0.5
35,0.2,0.0,0.5
35,0.2,0.0,0.5
36,0.2,0.05,0.0
36,0.2,0.05,0.0
36,0.2,0.05,0.0
36,0.2,0.05,0.0
36,0.2,0.05,0.0
36,0.2,0.05,0.0
36,0.2,0.05,0.0
36,0.2,0.05,0.0
36,0.2,0.05,0.0
36,0.2,0.05,0.0
36,0.2,0.05,0.0
36,0.2,0.05,0.0
36,0.2,0.05,0.0
36,0.2,0.05,0.0
36,0.2,0.05,0.0
36,0.2,0.05,0.0
36,0.2,0.05,0.0
36,0.2,0.05,0.0
36,0.2,0.05,0.0
36,0.2,0.05,0.0
36,0.2,0.05,0.0
36,0.2,0.05,0.0
36,0.2,0.05,0.0
36,0.2,0.05,0.0
36,0.2,0.05,0.0
36,0.2,0.05,0.0
36,0.2,0.05,0.0
36,0.2,0.05,0.0
36,0.2,0.05,0.0
36,0.2,0.05,0.0
36,0.2,0.05,0.0
36,0.2,0.05,0.0
36,0.2,0.05,0.0
36,0.2,0.05,0.0
36,0.2,0.05,0.0
36,0.2,0.05,0.0
36,0.2,0.05,0.0
36,0.2,0.05,0.0
36,0.2,0.05,0.0
36,0.2,0.05,0.0
36,0.2,0.05,0.0
36,0.2,0.05,0.0
36,0.2,0.05,0.0
36,0.2,0.05,0.0
36,0.2,0.05,0.0
36,0.2,0.05,0.0
36,0.2,0.05,0.0
36,0.2,0.05,0.0
36,0.2,0.05,0.0
36,0.2,0.05,0.0
36,0.2,0.05,0.0
36,0.2,0.05,0.0
36,0.2,0.05,0.0
36,0.2,0.05,0.0
36,0.2,0.05,0.0
36,0.2,0.05,0.0
36,0.2,0.05,0.0
36,0.2,0.05,0.0
36,0.2,0.05,0.0
36,0.2,0.05,0.0
36,0.2,0.05,0.0
36,0.2,0.05,0.0
36,0.2,0.05,0.0
36,0.2,0.05,0.0
36,0.2,0.05,0.0
36,0.2,0.05,0.0
36,0.2,0.05,0.0
36,0.2,0.05,0.0
36,0.2,0.05,0.0
36,0.2,0.05,0.0
36,0.2,0.05,0.0
36,0.2,0.05,0.0
36,0.2,0.05,0.0
36,0.2,0.05,0.0
36,0.2,0.05,0.0
36,0.2,0.05,0.0
36,0.2,0.05,0.0
36,0.2,0.05,0.0
36,0.2,0.05,0.0
36,0.2,0.05,0.0
36,0.2,0.05,0.0
36,0.2,0.05,0.0
36,0.2,0.05,0.0
36,0.2,0.05,0.0
36,0.2,0.05,0.0
36,0.2,0.05,0.0
36,0.2,0.05,0.0
36,0.2,0.05,0.0
36,0.2,0.05,0.0
36,0.2,0.05,0.0
36,0.2,0.05,0.0
36,0.2,0.05,0.0
36,0.2,0.05,0.0
36,0.2,0.05,0.0
36,0.2,0.05,0.0
36,0.2,0.05,0.0
36,0.2,0.05,0.0
36,0.2,0.05,0.0
36,0.2,0.05,0.0
36,0.2,0.05,0.0
37,0.2,0.05,0.05
37,0.2,0.05,0.05
37,0.2,0.05,0.05
37,0.2,0.05,0.05
37,0.2,0.05,0.05
37,0.2,0.05,0.05
37,0.2,0.05,0.05
37,0.2,0.05,0.05
37,0.2,0.05,0.05
37,0.2,0.05,0.05
37,0.2,0.05,0.05
37,0.2,0.05,0.05
37,0.2,0.05,0.05
37,0.2,0.05,0.05
37,0.2,0.05,0.05
37,0.2,0.05,0.05
37,0.2,0.05,0.05
37,0.2,0.05,0.05
37,0.2,0.05,0.05
37,0.2,0.05,0.05
37,0.2,0.05,0.05
37,0.2,0.05,0.05
37,0.2,0.05,0.05
37,0.2,0.05,0.05
37,0.2,0.05,0.05
37,0.2,0.05,0.05
37,0.2,0.05,0.05
37,0.2,0.05,0.05
37,0.2,0.05,0.05
37,0.2,0.05,0.05
37,0.2,0.05,0.05
37,0.2,0.05,0.05
37,0.2,0.05,0.05
37,0.2,0.05,0.05
37,0.2,0.05,0.05
37,0.2,0.05,0.05
37,0.2,0.05,0.05
37,0.2,0.05,0.05
37,0.2,0.05,0.05
37,0.2,0.05,0.05
37,0.2,0.05,0.05
37,0.2,0.05,0.05
37,0.2,0.05,0.05
37,0.2,0.05,0.05
37,0.2,0.05,0.05
37,0.2,0.05,0.05
37,0.2,0.05,0.05
37,0.2,0.05,0.05
37,0.2,0.05,0.05
37,0.2,0.05,0.05
37,0.2,0.05,0.05
37,0.2,0.05,0.05
37,0.2,0.05,0.05
37,0.2,0.05,0.05
37,0.2,0.05,0.05
37,0.2,0.05,0.05
37,0.2,0.05,0.05
37,0.2,0.05,0.05
37,0.2,0.05,0.05
37,0.2,0.05,0.05
37,0.2,0.05,0.05
37,0.2,0.05,0.05
37,0.2,0.05,0.05
37,0.2,0.05,0.05
37,0.2,0.05,0.05
37,0.2,0.05,0.05
37,0.2,0.05,0.05
37,0.2,0.05,0.05
37,0.2,0.05,0.05
37,0.2,0.05,0.05
37,0.2,0.05,0.05
37,0.2,0.05,0.05
37,0.2,0.05,0.05
37,0.2,0.05,0.05
37,0.2,0.05,0.05
37,0.2,0.05,0.05
37,0.2,0.05,0.05
37,0.2,0.05,0.05
37,0.2,0.05,0.05
37,0.2,0.05,0.05
37,0.2,0.05,0.05
37,0.2,0.05,0.05
37,0.2,0.05,0.05
37,0.2,0.05,0.05
37,0.2,0.05,0.05
37,0.2,0.05,0.05
37,0.2,0.05,0.05
37,0.2,0.05,0.05
37,0.2,0.05,0.05
37,0.2,0.05,0.05
37,0.2,0.05,0.05
37,0.2,0.05,0.05
37,0.2,0.05,0.05
37,0.2,0.05,0.05
37,0.2,0.05,0.05
37,0.2,0.05,0.05
37,0.2,0.05,0.05
37,0.2,0.05,0.05
37,0.2,0.05,0.05
37,0.2,0.05,0.05
38,0.2,0.05,0.25
38,0.2,0.05,0.25
38,0.2,0.05,0.25
38,0.2,0.05,0.25
38,0.2,0.05,0.25
38,0.2,0.05,0.25
38,0.2,0.05,0.25
38,0.2,0.05,0.25
38,0.2,0.05,0.25
38,0.2,0.05,0.25
38,0.2,0.05,0.25
38,0.2,0.05,0.25
38,0.2,0.05,0.25
38,0.2,0.05,0.25
38,0.2,0.05,0.25
38,0.2,0.05,0.25
38,0.2,0.05,0.25
38,0.2,0.05,0.25
38,0.2,0.05,0.25
38,0.2,0.05,0.25
38,0.2,0.05,0.25
38,0.2,0.05,0.25
38,0.2,0.05,0.25
38,0.2,0.05,0.25
38,0.2,0.05,0.25
38,0.2,0.05,0.25
38,0.2,0.05,0.25
38,0.2,0.05,0.25
38,0.2,0.05,0.25
38,0.2,0.05,0.25
38,0.2,0.05,0.25
38,0.2,0.05,0.25
38,0.2,0.05,0.25
38,0.2,0.05,0.25
38,0.2,0.05,0.25
38,0.2,0.05,0.25
38,0.2,0.05,0.25
38,0.2,0.05,0.25
38,0.2,0.05,0.25
38,0.2,0.05,0.25
38,0.2,0.05,0.25
38,0.2,0.05,0.25
38,0.2,0.05,0.25
38,0.2,0.05,0.25
38,0.2,0.05,0.25
38,0.2,0.05,0.25
38,0.2,0.05,0.25
38,0.2,0.05,0.25
38,0.2,0.05,0.25
38,0.2,0.05,0.25
38,0.2,0.05,0.25
38,0.2,0.05,0.25
38,0.2,0.05,0.25
38,0.2,0.05,0.25
38,0.2,0.05,0.25
38,0.2,0.05,0.25
38,0.2,0.05,0.25
38,0.2,0.05,0.25
38,0.2,0.05,0.25
38,0.2,0.05,0.25
38,0.2,0.05,0.25
38,0.2,0.05,0.25
38,0.2,0.05,0.25
38,0.2,0.05,0.25
38,0.2,0.05,0.25
38,0.2,0.05,0.25
38,0.2,0.05,0.25
38,0.2,0.05,0.25
38,0.2,0.05,0.25
38,0.2,0.05,0.25
38,0.2,0.05,0.25
38,0.2,0.05,0.25
38,0.2,0.05,0.25
38,0.2,0.05,0.25
38,0.2,0.05,0.25
38,0.2,0.05,0.25
38,0.2,0.05,0.25
38,0.2,0.05,0.25
38,0.2,0.05,0.25
38,0.2,0.05,0.25
38,0.2,0.05,0.25
38,0.2,0.05,0.25
38,0.2,0.05,0.25
38,0.2,0.05,0.25
38,0.2,0.05,0.25
38,0.2,0.05,0.25
38,0.2,0.05,0.25
38,0.2,0.05,0.25
38,0.2,0.05,0.25
38,0.2,0.05,0.25
38,0.2,0.05,0.25
38,0.2,0.05,0.25
38,0.2,0.05,0.25
38,0.2,0.05,0.25
38,0.2,0.05,0.25
38,0.2,0.05,0.25
38,0.2,0.05,0.25
38,0.2,0.05,0.25
38,0.2,0.05,0.25
38,0.2,0.05,0.25
39,0.2,0.05,0.5
39,0.2,0.05,0.5
39,0.2,0.05,0.5
39,0.2,0.05,0.5
39,0.2,0.05,0.5
39,0.2,0.05,0.5
39,0.2,0.05,0.5
39,0.2,0.05,0.5
39,0.2,0.05,0.5
39,0.2,0.05,0.5
39,0.2,0.05,0.5
39,0.2,0.05,0.5
39,0.2,0.05,0.5
39,0.2,0.05,0.5
39,0.2,0.05,0.5
39,0.2,0.05,0.5
39,0.2,0.05,0.5
39,0.2,0.05,0.5
39,0.2,0.05,0.5
39,0.2,0.05,0.5
39,0.2,0.05,0.5
39,0.2,0.05,0.5
39,0.2,0.05,0.5
39,0.2,0.05,0.5
39,0.2,0.05,0.5
39,0.2,0.05,0.5
39,0.2,0.05,0.5
39,0.2,0.05,0.5
39,0.2,0.05,0.5
39,0.2,0.05,0.5
39,0.2,0.05,0.5
39,0.2,0.05,0.5
39,0.2,0.05,0.5
39,0.2,0.05,0.5
39,0.2,0.05,0.5
39,0.2,0.05,0.5
39,0.2,0.05,0.5
39,0.2,0.05,0.5
39,0.2,0.05,0.5
39,0.2,0.05,0.5
39,0.2,0.05,0.5
39,0.2,0.05,0.5
39,0.2,0.05,0.5
39,0.2,0.05,0.5
39,0.2,0.05,0.5
39,0.2,0.05,0.5
39,0.2,0.05,0.5
39,0.2,0.05,0.5
39,0.2,0.05,0.5
39,0.2,0.05,0.5
39,0.2,0.05,0.5
39,0.2,0.05,0.5
39,0.2,0.05,0.5
39,0.2,0.05,0.5
39,0.2,0.05,0.5
39,0.2,0.05,0.5
39,0.2,0.05,0.5
39,0.2,0.05,0.5
39,0.2,0.05,0.5
39,0.2,0.05,0.5
39,0.2,0.05,0.5
39,0.2,0.05,0.5
39,0.2,0.05,0.5
39,0.2,0.05,0.5
39,0.2,0.05,0.5
39,0.2,0.05,0.5
39,0.2,0.05,0.5
39,0.2,0.05,0.5
39,0.2,0.05,0.5
39,0.2,0.05,0.5
39,0.2,0.05,0.5
39,0.2,0.05,0.5
39,0.2,0.05,0.5
39,0.2,0.05,0.5
39,0.2,0.05,0.5
39,0.2,0.05,0.5
39,0.2,0.05,0.5
39,0.2,0.05,0.5
39,0.2,0.05,0.5
39,0.2,0.05,0.5
39,0.2,0.05,0.5
39,0.2,0.05,0.5
39,0.2,0.05,0.5
39,0.2,0.05,0.5
39,0.2,0.05,0.5
39,0.2,0.05,0.5
39,0.2,0.05,0.5
39,0.2,0.05,0.5
39,0.2,0.05,0.5
39,0.2,0.05,0.5
39,0.2,0.05,0.5
39,0.2,0.05,0.5
39,0.2,0.05,0.5
39,0.2,0.05,0.5
39,0.2,0.05,0.5
39,0.2,0.05,0.5
39,0.2,0.05,0.5
39,0.2,0.05,0.5
39,0.2,0.05,0.5
39,0.2,0.05,0.5
40,0.2,0.1,0.0
40,0.2,0.1,0.0
40,0.2,0.1,0.0
40,0.2,0.1,0.0
40,0.2,0.1,0.0
40,0.2,0.1,0.0
40,0.2,0.1,0.0
40,0.2,0.1,0.0
40,0.2,0.1,0.0
40,0.2,0.1,0.0
40,0.2,0.1,0.0
40,0.2,0.1,0.0
40,0.2,0.1,0.0
40,0.2,0.1,0.0
40,0.2,0.1,0.0
40,0.2,0.1,0.0
40,0.2,0.1,0.0
40,0.2,0.1,0.0
40,0.2,0.1,0.0
40,0.2,0.1,0.0
40,0.2,0.1,0.0
40,0.2,0.1,0.0
40,0.2,0.1,0.0
40,0.2,0.1,0.0
40,0.2,0.1,0.0
40,0.2,0.1,0.0
40,0.2,0.1,0.0
40,0.2,0.1,0.0
40,0.2,0.1,0.0
40,0.2,0.1,0.0
40,0.2,0.1,0.0
40,0.2,0.1,0.0
40,0.2,0.1,0.0
40,0.2,0.1,0.0
40,0.2,0.1,0.0
40,0.2,0.1,0.0
40,0.2,0.1,0.0
40,0.2,0.1,0.0
40,0.2,0.1,0.0
40,0.2,0.1,0.0
40,0.2,0.1,0.0
40,0.2,0.1,0.0
40,0.2,0.1,0.0
40,0.2,0.1,0.0
40,0.2,0.1,0.0
40,0.2,0.1,0.0
40,0.2,0.1,0.0
40,0.2,0.1,0.0
40,0.2,0.1,0.0
40,0.2,0.1,0.0
40,0.2,0.1,0.0
40,0.2,0.1,0.0
40,0.2,0.1,0.0
40,0.2,0.1,0.0
40,0.2,0.1,0.0
40,0.2,0.1,0.0
40,0.2,0.1,0.0
40,0.2,0.1,0.0
40,0.2,0.1,0.0
40,0.2,0.1,0.0
40,0.2,0.1,0.0
40,0.2,0.1,0.0
40,0.2,0.1,0.0
40,0.2,0.1,0.0
40,0.2,0.1,0.0
40,0.2,0.1,0.0
40,0.2,0.1,0.0
40,0.2,0.1,0.0
40,0.2,0.1,0.0
40,0.2,0.1,0.0
40,0.2,0.1,0.0
40,0.2,0.1,0.0
40,0.2,0.1,0.0
40,0.2,0.1,0.0
40,0.2,0.1,0.0
40,0.2,0.1,0.0
40,0.2,0.1,0.0
40,0.2,0.1,0.0
40,0.2,0.1,0.0
40,0.2,0.1,0.0
40,0.2,0.1,0.0
40,0.2,0.1,0.0
40,0.2,0.1,0.0
40,0.2,0.1,0.0
40,0.2,0.1,0.0
40,0.2,0.1,0.0
40,0.2,0.1,0.0
40,0.2,0.1,0.0
40,0.2,0.1,0.0
40,0.2,0.1,0.0
40,0.2,0.1,0.0
40,0.2,0.1,0.0
40,0.2,0.1,0.0
40,0.2,0.1,0.0
40,0.2,0.1,0.0
40,0.2,0.1,0.0
40,0.2,0.1,0.0
40,0.2,0.1,0.0
40,0.2,0.1,0.0
40,0.2,0.1,0.0
41,0.2,0.1,0.05
41,0.2,0.1,0.05
41,0.2,0.1,0.05
41,0.2,0.1,0.05
41,0.2,0.1,0.05
41,0.2,0.1,0.05
41,0.2,0.1,0.05
41,0.2,0.1,0.05
41,0.2,0.1,0.05
41,0.2,0.1,0.05
41,0.2,0.1,0.05
41,0.2,0.1,0.05
41,0.2,0.1,0.05
41,0.2,0.1,0.05
41,0.2,0.1,0.05
41,0.2,0.1,0.05
41,0.2,0.1,0.05
41,0.2,0.1,0.05
41,0.2,0.1,0.05
41,0.2,0.1,0.05
41,0.2,0.1,0.05
41,0.2,0.1,0.05
41,0.2,0.1,0.05
41,0.2,0.1,0.05
41,0.2,0.1,0.05
41,0.2,0.1,0.05
41,0.2,0.1,0.05
41,0.2,0.1,0.05
41,0.2,0.1,0.05
41,0.2,0.1,0.05
41,0.2,0.1,0.05
41,0.2,0.1,0.05
41,0.2,0.1,0.05
41,0.2,0.1,0.05
41,0.2,0.1,0.05
41,0.2,0.1,0.05
41,0.2,0.1,0.05
41,0.2,0.1,0.05
41,0.2,0.1,0.05
41,0.2,0.1,0.05
41,0.2,0.1,0.05
41,0.2,0.1,0.05
41,0.2,0.1,0.05
41,0.2,0.1,0.05
41,0.2,0.1,0.05
41,0.2,0.1,0.05
41,0.2,0.1,0.05
41,0.2,0.1,0.05
41,0.2,0.1,0.05
41,0.2,0.1,0.05
41,0.2,0.1,0.05
41,0.2,0.1,0.05
41,0.2,0.1,0.05
41,0.2,0.1,0.05
41,0.2,0.1,0.05
41,0.2,0.1,0.05
41,0.2,0.1,0.05
41,0.2,0.1,0.05
41,0.2,0.1,0.05
41,0.2,0.1,0.05
41,0.2,0.1,0.05
41,0.2,0.1,0.05
41,0.2,0.1,0.05
41,0.2,0.1,0.05
41,0.2,0.1,0.05
41,0.2,0.1,0.05
41,0.2,0.1,0.05
41,0.2,0.1,0.05
41,0.2,0.1,0.05
41,0.2,0.1,0.05
41,0.2,0.1,0.05
41,0.2,0.1,0.05
41,0.2,0.1,0.05
41,0.2,0.1,0.05
41,0.2,0.1,0.05
41,0.2,0.1,0.05
41,0.2,0.1,0.05
41,0.2,0.1,0.05
41,0.2,0.1,0.05
41,0.2,0.1,0.05
41,0.2,0.1,0.05
41,0.2,0.1,0.05
41,0.2,0.1,0.05
41,0.2,0.1,0.05
41,0.2,0.1,0.05
41,0.2,0.1,0.05
41,0.2,0.1,0.05
41,0.2,0.1,0.05
41,0.2,0.1,0.05
41,0.2,0.1,0.05
41,0.2,0.1,0.05
41,0.2,0.1,0.05
41,0.2,0.1,0.05
41,0.2,0.1,0.05
41,0.2,0.1,0.05
41,0.2,0.1,0.05
41,0.2,0.1,0.05
41,0.2,0.1,0.05
41,0.2,0.1,0.05
41,0.2,0.1,0.05
42,0.2,0.1,0.25
42,0.2,0.1,0.25
42,0.2,0.1,0.25
42,0.2,0.1,0.25
42,0.2,0.1,0.25
42,0.2,0.1,0.25
42,0.2,0.1,0.25
42,0.2,0.1,0.25
42,0.2,0.1,0.25
42,0.2,0.1,0.25
42,0.2,0.1,0.25
42,0.2,0.1,0.25
42,0.2,0.1,0.25
42,0.2,0.1,0.25
42,0.2,0.1,0.25
42,0.2,0.1,0.25
42,0.2,0.1,0.25
42,0.2,0.1,0.25
42,0.2,0.1,0.25
42,0.2,0.1,0.25
42,0.2,0.1,0.25
42,0.2,0.1,0.25
42,0.2,0.1,0.25
42,0.2,0.1,0.25
42,0.2,0.1,0.25
42,0.2,0.1,0.25
42,0.2,0.1,0.25
42,0.2,0.1,0.25
42,0.2,0.1,0.25
42,0.2,0.1,0.25
42,0.2,0.1,0.25
42,0.2,0.1,0.25
42,0.2,0.1,0.25
42,0.2,0.1,0.25
42,0.2,0.1,0.25
42,0.2,0.1,0.25
42,0.2,0.1,0.25
42,0.2,0.1,0.25
42,0.2,0.1,0.25
42,0.2,0.1,0.25
42,0.2,0.1,0.25
42,0.2,0.1,0.25
42,0.2,0.1,0.25
42,0.2,0.1,0.25
42,0.2,0.1,0.25
42,0.2,0.1,0.25
42,0.2,0.1,0.25
42,0.2,0.1,0.25
42,0.2,0.1,0.25
42,0.2,0.1,0.25
42,0.2,0.1,0.25
42,0.2,0.1,0.25
42,0.2,0.1,0.25
42,0.2,0.1,0.25
42,0.2,0.1,0.25
42,0.2,0.1,0.25
42,0.2,0.1,0.25
42,0.2,0.1,0.25
42,0.2,0.1,0.25
42,0.2,0.1,0.25
42,0.2,0.1,0.25
42,0.2,0.1,0.25
42,0.2,0.1,0.25
42,0.2,0.1,0.25
42,0.2,0.1,0.25
42,0.2,0.1,0.25
42,0.2,0.1,0.25
42,0.2,0.1,0.25
42,0.2,0.1,0.25
42,0.2,0.1,0.25
42,0.2,0.1,0.25
42,0.2,0.1,0.25
42,0.2,0.1,0.25
42,0.2,0.1,0.25
42,0.2,0.1,0.25
42,0.2,0.1,0.25
42,0.2,0.1,0.25
42,0.2,0.1,0.25
42,0.2,0.1,0.25
42,0.2,0.1,0.25
42,0.2,0.1,0.25
42,0.2,0.1,0.25
42,0.2,0.1,0.25
42,0.2,0.1,0.25
42,0.2,0.1,0.25
42,0.2,0.1,0.25
42,0.2,0.1,0.25
42,0.2,0.1,0.25
42,0.2,0.1,0.25
42,0.2,0.1,0.25
42,0.2,0.1,0.25
42,0.2,0.1,0.25
42,0.2,0.1,0.25
42,0.2,0.1,0.25
42,0.2,0.1,0.25
42,0.2,0.1,0.25
42,0.2,0.1,0.25
42,0.2,0.1,0.25
42,0.2,0.1,0.25
42,0.2,0.1,0.25
43,0.2,0.1,0.5
43,0.2,0.1,0.5
43,0.2,0.1,0.5
43,0.2,0.1,0.5
43,0.2,0.1,0.5
43,0.2,0.1,0.5
43,0.2,0.1,0.5
43,0.2,0.1,0.5
43,0.2,0.1,0.5
43,0.2,0.1,0.5
43,0.2,0.1,0.5
43,0.2,0.1,0.5
43,0.2,0.1,0.5
43,0.2,0.1,0.5
43,0.2,0.1,0.5
43,0.2,0.1,0.5
43,0.2,0.1,0.5
43,0.2,0.1,0.5
43,0.2,0.1,0.5
43,0.2,0.1,0.5
43,0.2,0.1,0.5
43,0.2,0.1,0.5
43,0.2,0.1,0.5
43,0.2,0.1,0.5
43,0.2,0.1,0.5
43,0.2,0.1,0.5
43,0.2,0.1,0.5
43,0.2,0.1,0.5
43,0.2,0.1,0.5
43,0.2,0.1,0.5
43,0.2,0.1,0.5
43,0.2,0.1,0.5
43,0.2,0.1,0.5
43,0.2,0.1,0.5
43,0.2,0.1,0.5
43,0.2,0.1,0.5
43,0.2,0.1,0.5
43,0.2,0.1,0.5
43,0.2,0.1,0.5
43,0.2,0.1,0.5
43,0.2,0.1,0.5
43,0.2,0.1,0.5
43,0.2,0.1,0.5
43,0.2,0.1,0.5
43,0.2,0.1,0.5
43,0.2,0.1,0.5
43,0.2,0.1,0.5
43,0.2,0.1,0.5
43,0.2,0.1,0.5
43,0.2,0.1,0.5
43,0.2,0.1,0.5
43,0.2,0.1,0.5
43,0.2,0.1,0.5
43,0.2,0.1,0.5
43,0.2,0.1,0.5
43,0.2,0.1,0.5
43,0.2,0.1,0.5
43,0.2,0.1,0.5
43,0.2,0.1,0.5
43,0.2,0.1,0.5
43,0.2,0.1,0.5
43,0.2,0.1,0.5
43,0.2,0.1,0.5
43,0.2,0.1,0.5
43,0.2,0.1,0.5
43,0.2,0.1,0.5
43,0.2,0.1,0.5
43,0.2,0.1,0.5
43,0.2,0.1,0.5
43,0.2,0.1,0.5
43,0.2,0.1,0.5
43,0.2,0.1,0.5
43,0.2,0.1,0.5
43,0.2,0.1,0.5
43,0.2,0.1,0.5
43,0.2,0.1,0.5
43,0.2,0.1,0.5
43,0.2,0.1,0.5
43,0.2,0.1,0.5
43,0.2,0.1,0.5
43,0.2,0.1,0.5
43,0.2,0.1,0.5
43,0.2,0.1,0.5
43,0.2,0.1,0.5
43,0.2,0.1,0.5
43,0.2,0.1,0.5
43,0.2,0.1,0.5
43,0.2,0.1,0.5
43,0.2,0.1,0.5
43,0.2,0.1,0.5
43,0.2,0.1,0.5
43,0.2,0.1,0.5
43,0.2,0.1,0.5
43,0.2,0.1,0.5
43,0.2,0.1,0.5
43,0.2,0.1,0.5
43,0.2,0.1,0.5
43,0.2,0.1,0.5
43,0.2,0.1,0.5
43,0.2,0.1,0.5
44,0.2,0.2,0.0
44,0.2,0.2,0.0
44,0.2,0.2,0.0
44,0.2,0.2,0.0
44,0.2,0.2,0.0
44,0.2,0.2,0.0
44,0.2,0.2,0.0
44,0.2,0.2,0.0
44,0.2,0.2,0.0
44,0.2,0.2,0.0
44,0.2,0.2,0.0
44,0.2,0.2,0.0
44,0.2,0.2,0.0
44,0.2,0.2,0.0
44,0.2,0.2,0.0
44,0.2,0.2,0.0
44,0.2,0.2,0.0
44,0.2,0.2,0.0
44,0.2,0.2,0.0
44,0.2,0.2,0.0
44,0.2,0.2,0.0
44,0.2,0.2,0.0
44,0.2,0.2,0.0
44,0.2,0.2,0.0
44,0.2,0.2,0.0
44,0.2,0.2,0.0
44,0.2,0.2,0.0
44,0.2,0.2,0.0
44,0.2,0.2,0.0
44,0.2,0.2,0.0
44,0.2,0.2,0.0
44,0.2,0.2,0.0
44,0.2,0.2,0.0
44,0.2,0.2,0.0
44,0.2,0.2,0.0
44,0.2,0.2,0.0
44,0.2,0.2,0.0
44,0.2,0.2,0.0
44,0.2,0.2,0.0
44,0.2,0.2,0.0
44,0.2,0.2,0.0
44,0.2,0.2,0.0
44,0.2,0.2,0.0
44,0.2,0.2,0.0
44,0.2,0.2,0.0
44,0.2,0.2,0.0
44,0.2,0.2,0.0
44,0.2,0.2,0.0
44,0.2,0.2,0.0
44,0.2,0.2,0.0
44,0.2,0.2,0.0
44,0.2,0.2,0.0
44,0.2,0.2,0.0
44,0.2,0.2,0.0
44,0.2,0.2,0.0
44,0.2,0.2,0.0
44,0.2,0.2,0.0
44,0.2,0.2,0.0
44,0.2,0.2,0.0
44,0.2,0.2,0.0
44,0.2,0.2,0.0
44,0.2,0.2,0.0
44,0.2,0.2,0.0
44,0.2,0.2,0.0
44,0.2,0.2,0.0
44,0.2,0.2,0.0
44,0.2,0.2,0.0
44,0.2,0.2,0.0
44,0.2,0.2,0.0
44,0.2,0.2,0.0
44,0.2,0.2,0.0
44,0.2,0.2,0.0
44,0.2,0.2,0.0
44,0.2,0.2,0.0
44,0.2,0.2,0.0
44,0.2,0.2,0.0
44,0.2,0.2,0.0
44,0.2,0.2,0.0
44,0.2,0.2,0.0
44,0.2,0.2,0.0
44,0.2,0.2,0.0
44,0.2,0.2,0.0
44,0.2,0.2,0.0
44,0.2,0.2,0.0
44,0.2,0.2,0.0
44,0.2,0.2,0.0
44,0.2,0.2,0.0
44,0.2,0.2,0.0
44,0.2,0.2,0.0
44,0.2,0.2,0.0
44,0.2,0.2,0.0
44,0.2,0.2,0.0
44,0.2,0.2,0.0
44,0.2,0.2,0.0
44,0.2,0.2,0.0
44,0.2,0.2,0.0
44,0.2,0.2,0.0
44,0.2,0.2,0.0
44,0.2,0.2,0.0
44,0.2,0.2,0.0
45,0.2,0.2,0.05
45,0.2,0.2,0.05
45,0.2,0.2,0.05
45,0.2,0.2,0.05
45,0.2,0.2,0.05
45,0.2,0.2,0.05
45,0.2,0.2,0.05
45,0.2,0.2,0.05
45,0.2,0.2,0.05
45,0.2,0.2,0.05
45,0.2,0.2,0.05
45,0.2,0.2,0.05
45,0.2,0.2,0.05
45,0.2,0.2,0.05
45,0.2,0.2,0.05
45,0.2,0.2,0.05
45,0.2,0.2,0.05
45,0.2,0.2,0.05
45,0.2,0.2,0.05
45,0.2,0.2,0.05
45,0.2,0.2,0.05
45,0.2,0.2,0.05
45,0.2,0.2,0.05
45,0.2,0.2,0.05
45,0.2,0.2,0.05
45,0.2,0.2,0.05
45,0.2,0.2,0.05
45,0.2,0.2,0.05
45,0.2,0.2,0.05
45,0.2,0.2,0.05
45,0.2,0.2,0.05
45,0.2,0.2,0.05
45,0.2,0.2,0.05
45,0.2,0.2,0.05
45,0.2,0.2,0.05
45,0.2,0.2,0.05
45,0.2,0.2,0.05
45,0.2,0.2,0.05
45,0.2,0.2,0.05
45,0.2,0.2,0.05
45,0.2,0.2,0.05
45,0.2,0.2,0.05
45,0.2,0.2,0.05
45,0.2,0.2,0.05
45,0.2,0.2,0.05
45,0.2,0.2,0.05
45,0.2,0.2,0.05
45,0.2,0.2,0.05
45,0.2,0.2,0.05
45,0.2,0.2,0.05
45,0.2,0.2,0.05
45,0.2,0.2,0.05
45,0.2,0.2,0.05
45,0.2,0.2,0.05
45,0.2,0.2,0.05
45,0.2,0.2,0.05
45,0.2,0.2,0.05
45,0.2,0.2,0.05
45,0.2,0.2,0.05
45,0.2,0.2,0.05
45,0.2,0.2,0.05
45,0.2,0.2,0.05
45,0.2,0.2,0.05
45,0.2,0.2,0.05
45,0.2,0.2,0.05
45,0.2,0.2,0.05
45,0.2,0.2,0.05
45,0.2,0.2,0.05
45,0.2,0.2,0.05
45,0.2,0.2,0.05
45,0.2,0.2,0.05
45,0.2,0.2,0.05
45,0.2,0.2,0.05
45,0.2,0.2,0.05
45,0.2,0.2,0.05
45,0.2,0.2,0.05
45,0.2,0.2,0.05
45,0.2,0.2,0.05
45,0.2,0.2,0.05
45,0.2,0.2,0.05
45,0.2,0.2,0.05
45,0.2,0.2,0.05
45,0.2,0.2,0.05
45,0.2,0.2,0.05
45,0.2,0.2,0.05
45,0.2,0.2,0.05
45,0.2,0.2,0.05
45,0.2,0.2,0.05
45,0.2,0.2,0.05
45,0.2,0.2,0.05
45,0.2,0.2,0.05
45,0.2,0.2,0.05
45,0.2,0.2,0.05
45,0.2,0.2,0.05
45,0.2,0.2,0.05
45,0.2,0.2,0.05
45,0.2,0.2,0.05
45,0.2,0.2,0.05
45,0.2,0.2,0.05
45,0.2,0.2,0.05
46,0.2,0.2,0.25
46,0.2,0.2,0.25
46,0.2,0.2,0.25
46,0.2,0.2,0.25
46,0.2,0.2,0.25
46,0.2,0.2,0.25
46,0.2,0.2,0.25
46,0.2,0.2,0.25
46,0.2,0.2,0.25
46,0.2,0.2,0.25
46,0.2,0.2,0.25
46,0.2,0.2,0.25
46,0.2,0.2,0.25
46,0.2,0.2,0.25
46,0.2,0.2,0.25
46,0.2,0.2,0.25
46,0.2,0.2,0.25
46,0.2,0.2,0.25
46,0.2,0.2,0.25
46,0.2,0.2,0.25
46,0.2,0.2,0.25
46,0.2,0.2,0.25
46,0.2,0.2,0.25
46,0.2,0.2,0.25
46,0.2,0.2,0.25
46,0.2,0.2,0.25
46,0.2,0.2,0.25
46,0.2,0.2,0.25
46,0.2,0.2,0.25
46,0.2,0.2,0.25
46,0.2,0.2,0.25
46,0.2,0.2,0.25
46,0.2,0.2,0.25
46,0.2,0.2,0.25
46,0.2,0.2,0.25
46,0.2,0.2,0.25
46,0.2,0.2,0.25
46,0.2,0.2,0.25
46,0.2,0.2,0.25
46,0.2,0.2,0.25
46,0.2,0.2,0.25
46,0.2,0.2,0.25
46,0.2,0.2,0.25
46,0.2,0.2,0.25
46,0.2,0.2,0.25
46,0.2,0.2,0.25
46,0.2,0.2,0.25
46,0.2,0.2,0.25
46,0.2,0.2,0.25
46,0.2,0.2,0.25
46,0.2,0.2,0.25
46,0.2,0.2,0.25
46,0.2,0.2,0.25
46,0.2,0.2,0.25
46,0.2,0.2,0.25
46,0.2,0.2,0.25
46,0.2,0.2,0.25
46,0.2,0.2,0.25
46,0.2,0.2,0.25
46,0.2,0.2,0.25
46,0.2,0.2,0.25
46,0.2,0.2,0.25
46,0.2,0.2,0.25
46,0.2,0.2,0.25
46,0.2,0.2,0.25
46,0.2,0.2,0.25
46,0.2,0.2,0.25
46,0.2,0.2,0.25
46,0.2,0.2,0.25
46,0.2,0.2,0.25
46,0.2,0.2,0.25
46,0.2,0.2,0.25
46,0.2,0.2,0.25
46,0.2,0.2,0.25
46,0.2,0.2,0.25
46,0.2,0.2,0.25
46,0.2,0.2,0.25
46,0.2,0.2,0.25
46,0.2,0.2,0.25
46,0.2,0.2,0.25
46,0.2,0.2,0.25
46,0.2,0.2,0.25
46,0.2,0.2,0.25
46,0.2,0.2,0.25
46,0.2,0.2,0.25
46,0.2,0.2,0.25
46,0.2,0.2,0.25
46,0.2,0.2,0.25
46,0.2,0.2,0.25
46,0.2,0.2,0.25
46,0.2,0.2,0.25
46,0.2,0.2,0.25
46,0.2,0.2,0.25
46,0.2,0.2,0.25
46,0.2,0.2,0.25
46,0.2,0.2,0.25
46,0.2,0.2,0.25
46,0.2,0.2,0.25
46,0.2,0.2,0.25
46,0.2,0.2,0.25
47,0.2,0.2,0.5
47,0.2,0.2,0.5
47,0.2,0.2,0.5
47,0.2,0.2,0.5
47,0.2,0.2,0.5
47,0.2,0.2,0.5
47,0.2,0.2,0.5
47,0.2,0.2,0.5
47,0.2,0.2,0.5
47,0.2,0.2,0.5
47,0.2,0.2,0.5
47,0.2,0.2,0.5
47,0.2,0.2,0.5
47,0.2,0.2,0.5
47,0.2,0.2,0.5
47,0.2,0.2,0.5
47,0.2,0.2,0.5
47,0.2,0.2,0.5
47,0.2,0.2,0.5
47,0.2,0.2,0.5
47,0.2,0.2,0.5
47,0.2,0.2,0.5
47,0.2,0.2,0.5
47,0.2,0.2,0.5
47,0.2,0.2,0.5
47,0.2,0.2,0.5
47,0.2,0.2,0.5
47,0.2,0.2,0.5
47,0.2,0.2,0.5
47,0.2,0.2,0.5
47,0.2,0.2,0.5
47,0.2,0.2,0.5
47,0.2,0.2,0.5
47,0.2,0.2,0.5
47,0.2,0.2,0.5
47,0.2,0.2,0.5
47,0.2,0.2,0.5
47,0.2,0.2,0.5
47,0.2,0.2,0.5
47,0.2,0.2,0.5
47,0.2,0.2,0.5
47,0.2,0.2,0.5
47,0.2,0.2,0.5
47,0.2,0.2,0.5
47,0.2,0.2,0.5
47,0.2,0.2,0.5
47,0.2,0.2,0.5
47,0.2,0.2,0.5
47,0.2,0.2,0.5
47,0.2,0.2,0.5
47,0.2,0.2,0.5
47,0.2,0.2,0.5
47,0.2,0.2,0.5
47,0.2,0.2,0.5
47,0.2,0.2,0.5
47,0.2,0.2,0.5
47,0.2,0.2,0.5
47,0.2,0.2,0.5
47,0.2,0.2,0.5
47,0.2,0.2,0.5
47,0.2,0.2,0.5
47,0.2,0.2,0.5
47,0.2,0.2,0.5
47,0.2,0.2,0.5
47,0.2,0.2,0.5
47,0.2,0.2,0.5
47,0.2,0.2,0.5
47,0.2,0.2,0.5
47,0.2,0.2,0.5
47,0.2,0.2,0.5
47,0.2,0.2,0.5
47,0.2,0.2,0.5
47,0.2,0.2,0.5
47,0.2,0.2,0.5
47,0.2,0.2,0.5
47,0.2,0.2,0.5
47,0.2,0.2,0.5
47,0.2,0.2,0.5
47,0.2,0.2,0.5
47,0.2,0.2,0.5
47,0.2,0.2,0.5
47,0.2,0.2,0.5
47,0.2,0.2,0.5
47,0.2,0.2,0.5
47,0.2,0.2,0.5
47,0.2,0.2,0.5
47,0.2,0.2,0.5
47,0.2,0.2,0.5
47,0.2,0.2,0.5
47,0.2,0.2,0.5
47,0.2,0.2,0.5
47,0.2,0.2,0.5
47,0.2,0.2,0.5
47,0.2,0.2,0.5
47,0.2,0.2,0.5
47,0.2,0.2,0.5
47,0.2,0.2,0.5
47,0.2,0.2,0.5
47,0.2,0.2,0.5
47,0.2,0.2,0.5
48,0.3,0.0,0.0
48,0.3,0.0,0.0
48,0.3,0.0,0.0
48,0.3,0.0,0.0
48,0.3,0.0,0.0
48,0.3,0.0,0.0
48,0.3,0.0,0.0
48,0.3,0.0,0.0
48,0.3,0.0,0.0
48,0.3,0.0,0.0
48,0.3,0.0,0.0
48,0.3,0.0,0.0
48,0.3,0.0,0.0
48,0.3,0.0,0.0
48,0.3,0.0,0.0
48,0.3,0.0,0.0
48,0.3,0.0,0.0
48,0.3,0.0,0.0
48,0.3,0.0,0.0
48,0.3,0.0,0.0
48,0.3,0.0,0.0
48,0.3,0.0,0.0
48,0.3,0.0,0.0
48,0.3,0.0,0.0
48,0.3,0.0,0.0
48,0.3,0.0,0.0
48,0.3,0.0,0.0
48,0.3,0.0,0.0
48,0.3,0.0,0.0
48,0.3,0.0,0.0
48,0.3,0.0,0.0
48,0.3,0.0,0.0
48,0.3,0.0,0.0
48,0.3,0.0,0.0
48,0.3,0.0,0.0
48,0.3,0.0,0.0
48,0.3,0.0,0.0
48,0.3,0.0,0.0
48,0.3,0.0,0.0
48,0.3,0.0,0.0
48,0.3,0.0,0.0
48,0.3,0.0,0.0
48,0.3,0.0,0.0
48,0.3,0.0,0.0
48,0.3,0.0,0.0
48,0.3,0.0,0.0
48,0.3,0.0,0.0
48,0.3,0.0,0.0
48,0.3,0.0,0.0
48,0.3,0.0,0.0
48,0.3,0.0,0.0
48,0.3,0.0,0.0
48,0.3,0.0,0.0
48,0.3,0.0,0.0
48,0.3,0.0,0.0
48,0.3,0.0,0.0
48,0.3,0.0,0.0
48,0.3,0.0,0.0
48,0.3,0.0,0.0
48,0.3,0.0,0.0
48,0.3,0.0,0.0
48,0.3,0.0,0.0
48,0.3,0.0,0.0
48,0.3,0.0,0.0
48,0.3,0.0,0.0
48,0.3,0.0,0.0
48,0.3,0.0,0.0
48,0.3,0.0,0.0
48,0.3,0.0,0.0
48,0.3,0.0,0.0
48,0.3,0.0,0.0
48,0.3,0.0,0.0
48,0.3,0.0,0.0
48,0.3,0.0,0.0
48,0.3,0.0,0.0
48,0.3,0.0,0.0
48,0.3,0.0,0.0
48,0.3,0.0,0.0
48,0.3,0.0,0.0
48,0.3,0.0,0.0
48,0.3,0.0,0.0
48,0.3,0.0,0.0
48,0.3,0.0,0.0
48,0.3,0.0,0.0
48,0.3,0.0,0.0
48,0.3,0.0,0.0
48,0.3,0.0,0.0
48,0.3,0.0,0.0
48,0.3,0.0,0.0
48,0.3,0.0,0.0
48,0.3,0.0,0.0
48,0.3,0.0,0.0
48,0.3,0.0,0.0
48,0.3,0.0,0.0
48,0.3,0.0,0.0
48,0.3,0.0,0.0
48,0.3,0.0,0.0
48,0.3,0.0,0.0
48,0.3,0.0,0.0
48,0.3,0.0,0.0
49,0.3,0.0,0.05
49,0.3,0.0,0.05
49,0.3,0.0,0.05
49,0.3,0.0,0.05
49,0.3,0.0,0.05
49,0.3,0.0,0.05
49,0.3,0.0,0.05
49,0.3,0.0,0.05
49,0.3,0.0,0.05
49,0.3,0.0,0.05
49,0.3,0.0,0.05
49,0.3,0.0,0.05
49,0.3,0.0,0.05
49,0.3,0.0,0.05
49,0.3,0.0,0.05
49,0.3,0.0,0.05
49,0.3,0.0,0.05
49,0.3,0.0,0.05
49,0.3,0.0,0.05
49,0.3,0.0,0.05
49,0.3,0.0,0.05
49,0.3,0.0,0.05
49,0.3,0.0,0.05
49,0.3,0.0,0.05
49,0.3,0.0,0.05
49,0.3,0.0,0.05
49,0.3,0.0,0.05
49,0.3,0.0,0.05
49,0.3,0.0,0.05
49,0.3,0.0,0.05
49,0.3,0.0,0.05
49,0.3,0.0,0.05
49,0.3,0.0,0.05
49,0.3,0.0,0.05
49,0.3,0.0,0.05
49,0.3,0.0,0.05
49,0.3,0.0,0.05
49,0.3,0.0,0.05
49,0.3,0.0,0.05
49,0.3,0.0,0.05
49,0.3,0.0,0.05
49,0.3,0.0,0.05
49,0.3,0.0,0.05
49,0.3,0.0,0.05
49,0.3,0.0,0.05
49,0.3,0.0,0.05
49,0.3,0.0,0.05
49,0.3,0.0,0.05
49,0.3,0.0,0.05
49,0.3,0.0,0.05
49,0.3,0.0,0.05
49,0.3,0.0,0.05
49,0.3,0.0,0.05
49,0.3,0.0,0.05
49,0.3,0.0,0.05
49,0.3,0.0,0.05
49,0.3,0.0,0.05
49,0.3,0.0,0.05
49,0.3,0.0,0.05
49,0.3,0.0,0.05
49,0.3,0.0,0.05
49,0.3,0.0,0.05
49,0.3,0.0,0.05
49,0.3,0.0,0.05
49,0.3,0.0,0.05
49,0.3,0.0,0.05
49,0.3,0.0,0.05
49,0.3,0.0,0.05
49,0.3,0.0,0.05
49,0.3,0.0,0.05
49,0.3,0.0,0.05
49,0.3,0.0,0.05
49,0.3,0.0,0.05
49,0.3,0.0,0.05
49,0.3,0.0,0.05
49,0.3,0.0,0.05
49,0.3,0.0,0.05
49,0.3,0.0,0.05
49,0.3,0.0,0.05
49,0.3,0.0,0.05
49,0.3,0.0,0.05
49,0.3,0.0,0.05
49,0.3,0.0,0.05
49,0.3,0.0,0.05
49,0.3,0.0,0.05
49,0.3,0.0,0.05
49,0.3,0.0,0.05
49,0.3,0.0,0.05
49,0.3,0.0,0.05
49,0.3,0.0,0.05
49,0.3,0.0,0.05
49,0.3,0.0,0.05
49,0.3,0.0,0.05
49,0.3,0.0,0.05
49,0.3,0.0,0.05
49,0.3,0.0,0.05
49,0.3,0.0,0.05
49,0.3,0.0,0.05
49,0.3,0.0,0.05
49,0.3,0.0,0.05
50,0.3,0.0,0.25
50,0.3,0.0,0.25
50,0.3,0.0,0.25
50,0.3,0.0,0.25
50,0.3,0.0,0.25
50,0.3,0.0,0.25
50,0.3,0.0,0.25
50,0.3,0.0,0.25
50,0.3,0.0,0.25
50,0.3,0.0,0.25
50,0.3,0.0,0.25
50,0.3,0.0,0.25
50,0.3,0.0,0.25
50,0.3,0.0,0.25
50,0.3,0.0,0.25
50,0.3,0.0,0.25
50,0.3,0.0,0.25
50,0.3,0.0,0.25
50,0.3,0.0,0.25
50,0.3,0.0,0.25
50,0.3,0.0,0.25
50,0.3,0.0,0.25
50,0.3,0.0,0.25
50,0.3,0.0,0.25
50,0.3,0.0,0.25
50,0.3,0.0,0.25
50,0.3,0.0,0.25
50,0.3,0.0,0.25
50,0.3,0.0,0.25
50,0.3,0.0,0.25
50,0.3,0.0,0.25
50,0.3,0.0,0.25
50,0.3,0.0,0.25
50,0.3,0.0,0.25
50,0.3,0.0,0.25
50,0.3,0.0,0.25
50,0.3,0.0,0.25
50,0.3,0.0,0.25
50,0.3,0.0,0.25
50,0.3,0.0,0.25
50,0.3,0.0,0.25
50,0.3,0.0,0.25
50,0.3,0.0,0.25
50,0.3,0.0,0.25
50,0.3,0.0,0.25
50,0.3,0.0,0.25
50,0.3,0.0,0.25
50,0.3,0.0,0.25
50,0.3,0.0,0.25
50,0.3,0.0,0.25
50,0.3,0.0,0.25
50,0.3,0.0,0.25
50,0.3,0.0,0.25
50,0.3,0.0,0.25
50,0.3,0.0,0.25
50,0.3,0.0,0.25
50,0.3,0.0,0.25
50,0.3,0.0,0.25
50,0.3,0.0,0.25
50,0.3,0.0,0.25
50,0.3,0.0,0.25
50,0.3,0.0,0.25
50,0.3,0.0,0.25
50,0.3,0.0,0.25
50,0.3,0.0,0.25
50,0.3,0.0,0.25
50,0.3,0.0,0.25
50,0.3,0.0,0.25
50,0.3,0.0,0.25
50,0.3,0.0,0.25
50,0.3,0.0,0.25
50,0.3,0.0,0.25
50,0.3,0.0,0.25
50,0.3,0.0,0.25
50,0.3,0.0,0.25
50,0.3,0.0,0.25
50,0.3,0.0,0.25
50,0.3,0.0,0.25
50,0.3,0.0,0.25
50,0.3,0.0,0.25
50,0.3,0.0,0.25
50,0.3,0.0,0.25
50,0.3,0.0,0.25
50,0.3,0.0,0.25
50,0.3,0.0,0.25
50,0.3,0.0,0.25
50,0.3,0.0,0.25
50,0.3,0.0,0.25
50,0.3,0.0,0.25
50,0.3,0.0,0.25
50,0.3,0.0,0.25
50,0.3,0.0,0.25
50,0.3,0.0,0.25
50,0.3,0.0,0.25
50,0.3,0.0,0.25
50,0.3,0.0,0.25
50,0.3,0.0,0.25
50,0.3,0.0,0.25
50,0.3,0.0,0.25
50,0.3,0.0,0.25
51,0.3,0.0,0.5
51,0.3,0.0,0.5
51,0.3,0.0,0.5
51,0.3,0.0,0.5
51,0.3,0.0,0.5
51,0.3,0.0,0.5
51,0.3,0.0,0.5
51,0.3,0.0,0.5
51,0.3,0.0,0.5
51,0.3,0.0,0.5
51,0.3,0.0,0.5
51,0.3,0.0,0.5
51,0.3,0.0,0.5
51,0.3,0.0,0.5
51,0.3,0.0,0.5
51,0.3,0.0,0.5
51,0.3,0.0,0.5
51,0.3,0.0,0.5
51,0.3,0.0,0.5
51,0.3,0.0,0.5
51,0.3,0.0,0.5
51,0.3,0.0,0.5
51,0.3,0.0,0.5
51,0.3,0.0,0.5
51,0.3,0.0,0.5
51,0.3,0.0,0.5
51,0.3,0.0,0.5
51,0.3,0.0,0.5
51,0.3,0.0,0.5
51,0.3,0.0,0.5
51,0.3,0.0,0.5
51,0.3,0.0,0.5
51,0.3,0.0,0.5
51,0.3,0.0,0.5
51,0.3,0.0,0.5
51,0.3,0.0,0.5
51,0.3,0.0,0.5
51,0.3,0.0,0.5
51,0.3,0.0,0.5
51,0.3,0.0,0.5
51,0.3,0.0,0.5
51,0.3,0.0,0.5
51,0.3,0.0,0.5
51,0.3,0.0,0.5
51,0.3,0.0,0.5
51,0.3,0.0,0.5
51,0.3,0.0,0.5
51,0.3,0.0,0.5
51,0.3,0.0,0.5
51,0.3,0.0,0.5
51,0.3,0.0,0.5
51,0.3,0.0,0.5
51,0.3,0.0,0.5
51,0.3,0.0,0.5
51,0.3,0.0,0.5
51,0.3,0.0,0.5
51,0.3,0.0,0.5
51,0.3,0.0,0.5
51,0.3,0.0,0.5
51,0.3,0.0,0.5
51,0.3,0.0,0.5
51,0.3,0.0,0.5
51,0.3,0.0,0.5
51,0.3,0.0,0.5
51,0.3,0.0,0.5
51,0.3,0.0,0.5
51,0.3,0.0,0.5
51,0.3,0.0,0.5
51,0.3,0.0,0.5
51,0.3,0.0,0.5
51,0.3,0.0,0.5
51,0.3,0.0,0.5
51,0.3,0.0,0.5
51,0.3,0.0,0.5
51,0.3,0.0,0.5
51,0.3,0.0,0.5
51,0.3,0.0,0.5
51,0.3,0.0,0.5
51,0.3,0.0,0.5
51,0.3,0.0,0.5
51,0.3,0.0,0.5
51,0.3,0.0,0.5
51,0.3,0.0,0.5
51,0.3,0.0,0.5
51,0.3,0.0,0.5
51,0.3,0.0,0.5
51,0.3,0.0,0.5
51,0.3,0.0,0.5
51,0.3,0.0,0.5
51,0.3,0.0,0.5
51,0.3,0.0,0.5
51,0.3,0.0,0.5
51,0.3,0.0,0.5
51,0.3,0.0,0.5
51,0.3,0.0,0.5
51,0.3,0.0,0.5
51,0.3,0.0,0.5
51,0.3,0.0,0.5
51,0.3,0.0,0.5
51,0.3,0.0,0.5
52,0.3,0.05,0.0
52,0.3,0.05,0.0
52,0.3,0.05,0.0
52,0.3,0.05,0.0
52,0.3,0.05,0.0
52,0.3,0.05,0.0
52,0.3,0.05,0.0
52,0.3,0.05,0.0
52,0.3,0.05,0.0
52,0.3,0.05,0.0
52,0.3,0.05,0.0
52,0.3,0.05,0.0
52,0.3,0.05,0.0
52,0.3,0.05,0.0
52,0.3,0.05,0.0
52,0.3,0.05,0.0
52,0.3,0.05,0.0
52,0.3,0.05,0.0
52,0.3,0.05,0.0
52,0.3,0.05,0.0
52,0.3,0.05,0.0
52,0.3,0.05,0.0
52,0.3,0.05,0.0
52,0.3,0.05,0.0
52,0.3,0.05,0.0
52,0.3,0.05,0.0
52,0.3,0.05,0.0
52,0.3,0.05,0.0
52,0.3,0.05,0.0
52,0.3,0.05,0.0
52,0.3,0.05,0.0
52,0.3,0.05,0.0
52,0.3,0.05,0.0
52,0.3,0.05,0.0
52,0.3,0.05,0.0
52,0.3,0.05,0.0
52,0.3,0.05,0.0
52,0.3,0.05,0.0
52,0.3,0.05,0.0
52,0.3,0.05,0.0
52,0.3,0.05,0.0
52,0.3,0.05,0.0
52,0.3,0.05,0.0
52,0.3,0.05,0.0
52,0.3,0.05,0.0
52,0.3,0.05,0.0
52,0.3,0.05,0.0
52,0.3,0.05,0.0
52,0.3,0.05,0.0
52,0.3,0.05,0.0
52,0.3,0.05,0.0
52,0.3,0.05,0.0
52,0.3,0.05,0.0
52,0.3,0.05,0.0
52,0.3,0.05,0.0
52,0.3,0.05,0.0
52,0.3,0.05,0.0
52,0.3,0.05,0.0
52,0.3,0.05,0.0
52,0.3,0.05,0.0
52,0.3,0.05,0.0
52,0.3,0.05,0.0
52,0.3,0.05,0.0
52,0.3,0.05,0.0
52,0.3,0.05,0.0
52,0.3,0.05,0.0
52,0.3,0.05,0.0
52,0.3,0.05,0.0
52,0.3,0.05,0.0
52,0.3,0.05,0.0
52,0.3,0.05,0.0
52,0.3,0.05,0.0
52,0.3,0.05,0.0
52,0.3,0.05,0.0
52,0.3,0.05,0.0
52,0.3,0.05,0.0
52,0.3,0.05,0.0
52,0.3,0.05,0.0
52,0.3,0.05,0.0
52,0.3,0.05,0.0
52,0.3,0.05,0.0
52,0.3,0.05,0.0
52,0.3,0.05,0.0
52,0.3,0.05,0.0
52,0.3,0.05,0.0
52,0.3,0.05,0.0
52,0.3,0.05,0.0
52,0.3,0.05,0.0
52,0.3,0.05,0.0
52,0.3,0.05,0.0
52,0.3,0.05,0.0
52,0.3,0.05,0.0
52,0.3,0.05,0.0
52,0.3,0.05,0.0
52,0.3,0.05,0.0
52,0.3,0.05,0.0
52,0.3,0.05,0.0
52,0.3,0.05,0.0
52,0.3,0.05,0.0
52,0.3,0.05,0.0
53,0.3,0.05,0.05
53,0.3,0.05,0.05
53,0.3,0.05,0.05
53,0.3,0.05,0.05
53,0.3,0.05,0.05
53,0.3,0.05,0.05
53,0.3,0.05,0.05
53,0.3,0.05,0.05
53,0.3,0.05,0.05
53,0.3,0.05,0.05
53,0.3,0.05,0.05
53,0.3,0.05,0.05
53,0.3,0.05,0.05
53,0.3,0.05,0.05
53,0.3,0.05,0.05
53,0.3,0.05,0.05
53,0.3,0.05,0.05
53,0.3,0.05,0.05
53,0.3,0.05,0.05
53,0.3,0.05,0.05
53,0.3,0.05,0.05
53,0.3,0.05,0.05
53,0.3,0.05,0.05
53,0.3,0.05,0.05
53,0.3,0.05,0.05
53,0.3,0.05,0.05
53,0.3,0.05,0.05
53,0.3,0.05,0.05
53,0.3,0.05,0.05
53,0.3,0.05,0.05
53,0.3,0.05,0.05
53,0.3,0.05,0.05
53,0.3,0.05,0.05
53,0.3,0.05,0.05
53,0.3,0.05,0.05
53,0.3,0.05,0.05
53,0.3,0.05,0.05
53,0.3,0.05,0.05
53,0.3,0.05,0.05
53,0.3,0.05,0.05
53,0.3,0.05,0.05
53,0.3,0.05,0.05
53,0.3,0.05,0.05
53,0.3,0.05,0.05
53,0.3,0.05,0.05
53,0.3,0.05,0.05
53,0.3,0.05,0.05
53,0.3,0.05,0.05
53,0.3,0.05,0.05
53,0.3,0.05,0.05
53,0.3,0.05,0.05
53,0.3,0.05,0.05
53,0.3,0.05,0.05
53,0.3,0.05,0.05
53,0.3,0.05,0.05
53,0.3,0.05,0.05
53,0.3,0.05,0.05
53,0.3,0.05,0.05
53,0.3,0.05,0.05
53,0.3,0.05,0.05
53,0.3,0.05,0.05
53,0.3,0.05,0.05
53,0.3,0.05,0.05
53,0.3,0.05,0.05
53,0.3,0.05,0.05
53,0.3,0.05,0.05
53,0.3,0.05,0.05
53,0.3,0.05,0.05
53,0.3,0.05,0.05
53,0.3,0.05,0.05
53,0.3,0.05,0.05
53,0.3,0.05,0.05
53,0.3,0.05,0.05
53,0.3,0.05,0.05
53,0.3,0.05,0.05
53,0.3,0.05,0.05
53,0.3,0.05,0.05
53,0.3,0.05,0.05
53,0.3,0.05,0.05
53,0.3,0.05,0.05
53,0.3,0.05,0.05
53,0.3,0.05,0.05
53,0.3,0.05,0.05
53,0.3,0.05,0.05
53,0.3,0.05,0.05
53,0.3,0.05,0.05
53,0.3,0.05,0.05
53,0.3,0.05,0.05
53,0.3,0.05,0.05
53,0.3,0.05,0.05
53,0.3,0.05,0.05
53,0.3,0.05,0.05
53,0.3,0.05,0.05
53,0.3,0.05,0.05
53,0.3,0.05,0.05
53,0.3,0.05,0.05
53,0.3,0.05,0.05
53,0.3,0.05,0.05
53,0.3,0.05,0.05
53,0.3,0.05,0.05
54,0.3,0.05,0.25
54,0.3,0.05,0.25
54,0.3,0.05,0.25
54,0.3,0.05,0.25
54,0.3,0.05,0.25
54,0.3,0.05,0.25
54,0.3,0.05,0.25
54,0.3,0.05,0.25
54,0.3,0.05,0.25
54,0.3,0.05,0.25
54,0.3,0.05,0.25
54,0.3,0.05,0.25
54,0.3,0.05,0.25
54,0.3,0.05,0.25
54,0.3,0.05,0.25
54,0.3,0.05,0.25
54,0.3,0.05,0.25
54,0.3,0.05,0.25
54,0.3,0.05,0.25
54,0.3,0.05,0.25
54,0.3,0.05,0.25
54,0.3,0.05,0.25
54,0.3,0.05,0.25
54,0.3,0.05,0.25
54,0.3,0.05,0.25
54,0.3,0.05,0.25
54,0.3,0.05,0.25
54,0.3,0.05,0.25
54,0.3,0.05,0.25
54,0.3,0.05,0.25
54,0.3,0.05,0.25
54,0.3,0.05,0.25
54,0.3,0.05,0.25
54,0.3,0.05,0.25
54,0.3,0.05,0.25
54,0.3,0.05,0.25
54,0.3,0.05,0.25
54,0.3,0.05,0.25
54,0.3,0.05,0.25
54,0.3,0.05,0.25
54,0.3,0.05,0.25
54,0.3,0.05,0.25
54,0.3,0.05,0.25
54,0.3,0.05,0.25
54,0.3,0.05,0.25
54,0.3,0.05,0.25
54,0.3,0.05,0.25
54,0.3,0.05,0.25
54,0.3,0.05,0.25
54,0.3,0.05,0.25
54,0.3,0.05,0.25
54,0.3,0.05,0.25
54,0.3,0.05,0.25
54,0.3,0.05,0.25
54,0.3,0.05,0.25
54,0.3,0.05,0.25
54,0.3,0.05,0.25
54,0.3,0.05,0.25
54,0.3,0.05,0.25
54,0.3,0.05,0.25
54,0.3,0.05,0.25
54,0.3,0.05,0.25
54,0.3,0.05,0.25
54,0.3,0.05,0.25
54,0.3,0.05,0.25
54,0.3,0.05,0.25
54,0.3,0.05,0.25
54,0.3,0.05,0.25
54,0.3,0.05,0.25
54,0.3,0.05,0.25
54,0.3,0.05,0.25
54,0.3,0.05,0.25
54,0.3,0.05,0.25
54,0.3,0.05,0.25
54,0.3,0.05,0.25
54,0.3,0.05,0.25
54,0.3,0.05,0.25
54,0.3,0.05,0.25
54,0.3,0.05,0.25
54,0.3,0.05,0.25
54,0.3,0.05,0.25
54,0.3,0.05,0.25
54,0.3,0.05,0.25
54,0.3,0.05,0.25
54,0.3,0.05,0.25
54,0.3,0.05,0.25
54,0.3,0.05,0.25
54,0.3,0.05,0.25
54,0.3,0.05,0.25
54,0.3,0.05,0.25
54,0.3,0.05,0.25
54,0.3,0.05,0.25
54,0.3,0.05,0.25
54,0.3,0.05,0.25
54,0.3,0.05,0.25
54,0.3,0.05,0.25
54,0.3,0.05,0.25
54,0.3,0.05,0.25
54,0.3,0.05,0.25
54,0.3,0.05,0.25
55,0.3,0.05,0.5
55,0.3,0.05,0.5
55,0.3,0.05,0.5
55,0.3,0.05,0.5
55,0.3,0.05,0.5
55,0.3,0.05,0.5
55,0.3,0.05,0.5
55,0.3,0.05,0.5
55,0.3,0.05,0.5
55,0.3,0.05,0.5
55,0.3,0.05,0.5
55,0.3,0.05,0.5
55,0.3,0.05,0.5
55,0.3,0.05,0.5
55,0.3,0.05,0.5
55,0.3,0.05,0.5
55,0.3,0.05,0.5
55,0.3,0.05,0.5
55,0.3,0.05,0.5
55,0.3,0.05,0.5
55,0.3,0.05,0.5
55,0.3,0.05,0.5
55,0.3,0.05,0.5
55,0.3,0.05,0.5
55,0.3,0.05,0.5
55,0.3,0.05,0.5
55,0.3,0.05,0.5
55,0.3,0.05,0.5
55,0.3,0.05,0.5
55,0.3,0.05,0.5
55,0.3,0.05,0.5
55,0.3,0.05,0.5
55,0.3,0.05,0.5
55,0.3,0.05,0.5
55,0.3,0.05,0.5
55,0.3,0.05,0.5
55,0.3,0.05,0.5
55,0.3,0.05,0.5
55,0.3,0.05,0.5
55,0.3,0.05,0.5
55,0.3,0.05,0.5
55,0.3,0.05,0.5
55,0.3,0.05,0.5
55,0.3,0.05,0.5
55,0.3,0.05,0.5
55,0.3,0.05,0.5
55,0.3,0.05,0.5
55,0.3,0.05,0.5
55,0.3,0.05,0.5
55,0.3,0.05,0.5
55,0.3,0.05,0.5
55,0.3,0.05,0.5
55,0.3,0.05,0.5
55,0.3,0.05,0.5
55,0.3,0.05,0.5
55,0.3,0.05,0.5
55,0.3,0.05,0.5
55,0.3,0.05,0.5
55,0.3,0.05,0.5
55,0.3,0.05,0.5
55,0.3,0.05,0.5
55,0.3,0.05,0.5
55,0.3,0.05,0.5
55,0.3,0.05,0.5
55,0.3,0.05,0.5
55,0.3,0.05,0.5
55,0.3,0.05,0.5
55,0.3,0.05,0.5
55,0.3,0.05,0.5
55,0.3,0.05,0.5
55,0.3,0.05,0.5
55,0.3,0.05,0.5
55,0.3,0.05,0.5
55,0.3,0.05,0.5
55,0.3,0.05,0.5
55,0.3,0.05,0.5
55,0.3,0.05,0.5
55,0.3,0.05,0.5
55,0.3,0.05,0.5
55,0.3,0.05,0.5
55,0.3,0.05,0.5
55,0.3,0.05,0.5
55,0.3,0.05,0.5
55,0.3,0.05,0.5
55,0.3,0.05,0.5
55,0.3,0.05,0.5
55,0.3,0.05,0.5
55,0.3,0.05,0.5
55,0.3,0.05,0.5
55,0.3,0.05,0.5
55,0.3,0.05,0.5
55,0.3,0.05,0.5
55,0.3,0.05,0.5
55,0.3,0.05,0.5
55,0.3,0.05,0.5
55,0.3,0.05,0.5
55,0.3,0.05,0.5
55,0.3,0.05,0.5
55,0.3,0.05,0.5
55,0.3,0.05,0.5
56,0.3,0.1,0.0
56,0.3,0.1,0.0
56,0.3,0.1,0.0
56,0.3,0.1,0.0
56,0.3,0.1,0.0
56,0.3,0.1,0.0
56,0.3,0.1,0.0
56,0.3,0.1,0.0
56,0.3,0.1,0.0
56,0.3,0.1,0.0
56,0.3,0.1,0.0
56,0.3,0.1,0.0
56,0.3,0.1,0.0
56,0.3,0.1,0.0
56,0.3,0.1,0.0
56,0.3,0.1,0.0
56,0.3,0.1,0.0
56,0.3,0.1,0.0
56,0.3,0.1,0.0
56,0.3,0.1,0.0
56,0.3,0.1,0.0
56,0.3,0.1,0.0
56,0.3,0.1,0.0
56,0.3,0.1,0.0
56,0.3,0.1,0.0
56,0.3,0.1,0.0
56,0.3,0.1,0.0
56,0.3,0.1,0.0
56,0.3,0.1,0.0
56,0.3,0.1,0.0
56,0.3,0.1,0.0
56,0.3,0.1,0.0
56,0.3,0.1,0.0
56,0.3,0.1,0.0
56,0.3,0.1,0.0
56,0.3,0.1,0.0
56,0.3,0.1,0.0
56,0.3,0.1,0.0
56,0.3,0.1,0.0
56,0.3,0.1,0.0
56,0.3,0.1,0.0
56,0.3,0.1,0.0
56,0.3,0.1,0.0
56,0.3,0.1,0.0
56,0.3,0.1,0.0
56,0.3,0.1,0.0
56,0.3,0.1,0.0
56,0.3,0.1,0.0
56,0.3,0.1,0.0
56,0.3,0.1,0.0
56,0.3,0.1,0.0
56,0.3,0.1,0.0
56,0.3,0.1,0.0
56,0.3,0.1,0.0
56,0.3,0.1,0.0
56,0.3,0.1,0.0
56,0.3,0.1,0.0
56,0.3,0.1,0.0
56,0.3,0.1,0.0
56,0.3,0.1,0.0
56,0.3,0.1,0.0
56,0.3,0.1,0.0
56,0.3,0.1,0.0
56,0.3,0.1,0.0
56,0.3,0.1,0.0
56,0.3,0.1,0.0
56,0.3,0.1,0.0
56,0.3,0.1,0.0
56,0.3,0.1,0.0
56,0.3,0.1,0.0
56,0.3,0.1,0.0
56,0.3,0.1,0.0
56,0.3,0.1,0.0
56,0.3,0.1,0.0
56,0.3,0.1,0.0
56,0.3,0.1,0.0
56,0.3,0.1,0.0
56,0.3,0.1,0.0
56,0.3,0.1,0.0
56,0.3,0.1,0.0
56,0.3,0.1,0.0
56,0.3,0.1,0.0
56,0.3,0.1,0.0
56,0.3,0.1,0.0
56,0.3,0.1,0.0
56,0.3,0.1,0.0
56,0.3,0.1,0.0
56,0.3,0.1,0.0
56,0.3,0.1,0.0
56,0.3,0.1,0.0
56,0.3,0.1,0.0
56,0.3,0.1,0.0
56,0.3,0.1,0.0
56,0.3,0.1,0.0
56,0.3,0.1,0.0
56,0.3,0.1,0.0
56,0.3,0.1,0.0
56,0.3,0.1,0.0
56,0.3,0.1,0.0
56,0.3,0.1,0.0
57,0.3,0.1,0.05
57,0.3,0.1,0.05
57,0.3,0.1,0.05
57,0.3,0.1,0.05
57,0.3,0.1,0.05
57,0.3,0.1,0.05
57,0.3,0.1,0.05
57,0.3,0.1,0.05
57,0.3,0.1,0.05
57,0.3,0.1,0.05
57,0.3,0.1,0.05
57,0.3,0.1,0.05
57,0.3,0.1,0.05
57,0.3,0.1,0.05
57,0.3,0.1,0.05
57,0.3,0.1,0.05
57,0.3,0.1,0.05
57,0.3,0.1,0.05
57,0.3,0.1,0.05
57,0.3,0.1,0.05
57,0.3,0.1,0.05
57,0.3,0.1,0.05
57,0.3,0.1,0.05
57,0.3,0.1,0.05
57,0.3,0.1,0.05
57,0.3,0.1,0.05
57,0.3,0.1,0.05
57,0.3,0.1,0.05
57,0.3,0.1,0.05
57,0.3,0.1,0.05
57,0.3,0.1,0.05
57,0.3,0.1,0.05
57,0.3,0.1,0.05
57,0.3,0.1,0.05
57,0.3,0.1,0.05
57,0.3,0.1,0.05
57,0.3,0.1,0.05
57,0.3,0.1,0.05
57,0.3,0.1,0.05
57,0.3,0.1,0.05
57,0.3,0.1,0.05
57,0.3,0.1,0.05
57,0.3,0.1,0.05
57,0.3,0.1,0.05
57,0.3,0.1,0.05
57,0.3,0.1,0.05
57,0.3,0.1,0.05
57,0.3,0.1,0.05
57,0.3,0.1,0.05
57,0.3,0.1,0.05
57,0.3,0.1,0.05
57,0.3,0.1,0.05
57,0.3,0.1,0.05
57,0.3,0.1,0.05
57,0.3,0.1,0.05
57,0.3,0.1,0.05
57,0.3,0.1,0.05
57,0.3,0.1,0.05
57,0.3,0.1,0.05
57,0.3,0.1,0.05
57,0.3,0.1,0.05
57,0.3,0.1,0.05
57,0.3,0.1,0.05
57,0.3,0.1,0.05
57,0.3,0.1,0.05
57,0.3,0.1,0.05
57,0.3,0.1,0.05
57,0.3,0.1,0.05
57,0.3,0.1,0.05
57,0.3,0.1,0.05
57,0.3,0.1,0.05
57,0.3,0.1,0.05
57,0.3,0.1,0.05
57,0.3,0.1,0.05
57,0.3,0.1,0.05
57,0.3,0.1,0.05
57,0.3,0.1,0.05
57,0.3,0.1,0.05
57,0.3,0.1,0.05
57,0.3,0.1,0.05
57,0.3,0.1,0.05
57,0.3,0.1,0.05
57,0.3,0.1,0.05
57,0.3,0.1,0.05
57,0.3,0.1,0.05
57,0.3,0.1,0.05
57,0.3,0.1,0.05
57,0.3,0.1,0.05
57,0.3,0.1,0.05
57,0.3,0.1,0.05
57,0.3,0.1,0.05
57,0.3,0.1,0.05
57,0.3,0.1,0.05
57,0.3,0.1,0.05
57,0.3,0.1,0.05
57,0.3,0.1,0.05
57,0.3,0.1,0.05
57,0.3,0.1,0.05
57,0.3,0.1,0.05
57,0.3,0.1,0.05
58,0.3,0.1,0.25
58,0.3,0.1,0.25
58,0.3,0.1,0.25
58,0.3,0.1,0.25
58,0.3,0.1,0.25
58,0.3,0.1,0.25
58,0.3,0.1,0.25
58,0.3,0.1,0.25
58,0.3,0.1,0.25
58,0.3,0.1,0.25
58,0.3,0.1,0.25
58,0.3,0.1,0.25
58,0.3,0.1,0.25
58,0.3,0.1,0.25
58,0.3,0.1,0.25
58,0.3,0.1,0.25
58,0.3,0.1,0.25
58,0.3,0.1,0.25
58,0.3,0.1,0.25
58,0.3,0.1,0.25
58,0.3,0.1,0.25
58,0.3,0.1,0.25
58,0.3,0.1,0.25
58,0.3,0.1,0.25
58,0.3,0.1,0.25
58,0.3,0.1,0.25
58,0.3,0.1,0.25
58,0.3,0.1,0.25
58,0.3,0.1,0.25
58,0.3,0.1,0.25
58,0.3,0.1,0.25
58,0.3,0.1,0.25
58,0.3,0.1,0.25
58,0.3,0.1,0.25
58,0.3,0.1,0.25
58,0.3,0.1,0.25
58,0.3,0.1,0.25
58,0.3,0.1,0.25
58,0.3,0.1,0.25
58,0.3,0.1,0.25
58,0.3,0.1,0.25
58,0.3,0.1,0.25
58,0.3,0.1,0.25
58,0.3,0.1,0.25
58,0.3,0.1,0.25
58,0.3,0.1,0.25
58,0.3,0.1,0.25
58,0.3,0.1,0.25
58,0.3,0.1,0.25
58,0.3,0.1,0.25
58,0.3,0.1,0.25
58,0.3,0.1,0.25
58,0.3,0.1,0.25
58,0.3,0.1,0.25
58,0.3,0.1,0.25
58,0.3,0.1,0.25
58,0.3,0.1,0.25
58,0.3,0.1,0.25
58,0.3,0.1,0.25
58,0.3,0.1,0.25
58,0.3,0.1,0.25
58,0.3,0.1,0.25
58,0.3,0.1,0.25
58,0.3,0.1,0.25
58,0.3,0.1,0.25
58,0.3,0.1,0.25
58,0.3,0.1,0.25
58,0.3,0.1,0.25
58,0.3,0.1,0.25
58,0.3,0.1,0.25
58,0.3,0.1,0.25
58,0.3,0.1,0.25
58,0.3,0.1,0.25
58,0.3,0.1,0.25
58,0.3,0.1,0.25
58,0.3,0.1,0.25
58,0.3,0.1,0.25
58,0.3,0.1,0.25
58,0.3,0.1,0.25
58,0.3,0.1,0.25
58,0.3,0.1,0.25
58,0.3,0.1,0.25
58,0.3,0.1,0.25
58,0.3,0.1,0.25
58,0.3,0.1,0.25
58,0.3,0.1,0.25
58,0.3,0.1,0.25
58,0.3,0.1,0.25
58,0.3,0.1,0.25
58,0.3,0.1,0.25
58,0.3,0.1,0.25
58,0.3,0.1,0.25
58,0.3,0.1,0.25
58,0.3,0.1,0.25
58,0.3,0.1,0.25
58,0.3,0.1,0.25
58,0.3,0.1,0.25
58,0.3,0.1,0.25
58,0.3,0.1,0.25
58,0.3,0.1,0.25
59,0.3,0.1,0.5
59,0.3,0.1,0.5
59,0.3,0.1,0.5
59,0.3,0.1,0.5
59,0.3,0.1,0.5
59,0.3,0.1,0.5
59,0.3,0.1,0.5
59,0.3,0.1,0.5
59,0.3,0.1,0.5
59,0.3,0.1,0.5
59,0.3,0.1,0.5
59,0.3,0.1,0.5
59,0.3,0.1,0.5
59,0.3,0.1,0.5
59,0.3,0.1,0.5
59,0.3,0.1,0.5
59,0.3,0.1,0.5
59,0.3,0.1,0.5
59,0.3,0.1,0.5
59,0.3,0.1,0.5
59,0.3,0.1,0.5
59,0.3,0.1,0.5
59,0.3,0.1,0.5
59,0.3,0.1,0.5
59,0.3,0.1,0.5
59,0.3,0.1,0.5
59,0.3,0.1,0.5
59,0.3,0.1,0.5
59,0.3,0.1,0.5
59,0.3,0.1,0.5
59,0.3,0.1,0.5
59,0.3,0.1,0.5
59,0.3,0.1,0.5
59,0.3,0.1,0.5
59,0.3,0.1,0.5
59,0.3,0.1,0.5
59,0.3,0.1,0.5
59,0.3,0.1,0.5
59,0.3,0.1,0.5
59,0.3,0.1,0.5
59,0.3,0.1,0.5
59,0.3,0.1,0.5
59,0.3,0.1,0.5
59,0.3,0.1,0.5
59,0.3,0.1,0.5
59,0.3,0.1,0.5
59,0.3,0.1,0.5
59,0.3,0.1,0.5
59,0.3,0.1,0.5
59,0.3,0.1,0.5
59,0.3,0.1,0.5
59,0.3,0.1,0.5
59,0.3,0.1,0.5
59,0.3,0.1,0.5
59,0.3,0.1,0.5
59,0.3,0.1,0.5
59,0.3,0.1,0.5
59,0.3,0.1,0.5
59,0.3,0.1,0.5
59,0.3,0.1,0.5
59,0.3,0.1,0.5
59,0.3,0.1,0.5
59,0.3,0.1,0.5
59,0.3,0.1,0.5
59,0.3,0.1,0.5
59,0.3,0.1,0.5
59,0.3,0.1,0.5
59,0.3,0.1,0.5
59,0.3,0.1,0.5
59,0.3,0.1,0.5
59,0.3,0.1,0.5
59,0.3,0.1,0.5
59,0.3,0.1,0.5
59,0.3,0.1,0.5
59,0.3,0.1,0.5
59,0.3,0.1,0.5
59,0.3,0.1,0.5
59,0.3,0.1,0.5
59,0.3,0.1,0.5
59,0.3,0.1,0.5
59,0.3,0.1,0.5
59,0.3,0.1,0.5
59,0.3,0.1,0.5
59,0.3,0.1,0.5
59,0.3,0.1,0.5
59,0.3,0.1,0.5
59,0.3,0.1,0.5
59,0.3,0.1,0.5
59,0.3,0.1,0.5
59,0.3,0.1,0.5
59,0.3,0.1,0.5
59,0.3,0.1,0.5
59,0.3,0.1,0.5
59,0.3,0.1,0.5
59,0.3,0.1,0.5
59,0.3,0.1,0.5
59,0.3,0.1,0.5
59,0.3,0.1,0.5
59,0.3,0.1,0.5
59,0.3,0.1,0.5
60,0.3,0.2,0.0
60,0.3,0.2,0.0
60,0.3,0.2,0.0
60,0.3,0.2,0.0
60,0.3,0.2,0.0
60,0.3,0.2,0.0
60,0.3,0.2,0.0
60,0.3,0.2,0.0
60,0.3,0.2,0.0
60,0.3,0.2,0.0
60,0.3,0.2,0.0
60,0.3,0.2,0.0
60,0.3,0.2,0.0
60,0.3,0.2,0.0
60,0.3,0.2,0.0
60,0.3,0.2,0.0
60,0.3,0.2,0.0
60,0.3,0.2,0.0
60,0.3,0.2,0.0
60,0.3,0.2,0.0
60,0.3,0.2,0.0
60,0.3,0.2,0.0
60,0.3,0.2,0.0
60,0.3,0.2,0.0
60,0.3,0.2,0.0
60,0.3,0.2,0.0
60,0.3,0.2,0.0
60,0.3,0.2,0.0
60,0.3,0.2,0.0
60,0.3,0.2,0.0
60,0.3,0.2,0.0
60,0.3,0.2,0.0
60,0.3,0.2,0.0
60,0.3,0.2,0.0
60,0.3,0.2,0.0
60,0.3,0.2,0.0
60,0.3,0.2,0.0
60,0.3,0.2,0.0
60,0.3,0.2,0.0
60,0.3,0.2,0.0
60,0.3,0.2,0.0
60,0.3,0.2,0.0
60,0.3,0.2,0.0
60,0.3,0.2,0.0
60,0.3,0.2,0.0
60,0.3,0.2,0.0
60,0.3,0.2,0.0
60,0.3,0.2,0.0
60,0.3,0.2,0.0
60,0.3,0.2,0.0
60,0.3,0.2,0.0
60,0.3,0.2,0.0
60,0.3,0.2,0.0
60,0.3,0.2,0.0
60,0.3,0.2,0.0
60,0.3,0.2,0.0
60,0.3,0.2,0.0
60,0.3,0.2,0.0
60,0.3,0.2,0.0
60,0.3,0.2,0.0
60,0.3,0.2,0.0
60,0.3,0.2,0.0
60,0.3,0.2,0.0
60,0.3,0.2,0.0
60,0.3,0.2,0.0
60,0.3,0.2,0.0
60,0.3,0.2,0.0
60,0.3,0.2,0.0
60,0.3,0.2,0.0
60,0.3,0.2,0.0
60,0.3,0.2,0.0
60,0.3,0.2,0.0
60,0.3,0.2,0.0
60,0.3,0.2,0.0
60,0.3,0.2,0.0
60,0.3,0.2,0.0
60,0.3,0.2,0.0
60,0.3,0.2,0.0
60,0.3,0.2,0.0
60,0.3,0.2,0.0
60,0.3,0.2,0.0
60,0.3,0.2,0.0
60,0.3,0.2,0.0
60,0.3,0.2,0.0
60,0.3,0.2,0.0
60,0.3,0.2,0.0
60,0.3,0.2,0.0
60,0.3,0.2,0.0
60,0.3,0.2,0.0
60,0.3,0.2,0.0
60,0.3,0.2,0.0
60,0.3,0.2,0.0
60,0.3,0.2,0.0
60,0.3,0.2,0.0
60,0.3,0.2,0.0
60,0.3,0.2,0.0
60,0.3,0.2,0.0
60,0.3,0.2,0.0
60,0.3,0.2,0.0
60,0.3,0.2,0.0
61,0.3,0.2,0.05
61,0.3,0.2,0.05
61,0.3,0.2,0.05
61,0.3,0.2,0.05
61,0.3,0.2,0.05
61,0.3,0.2,0.05
61,0.3,0.2,0.05
61,0.3,0.2,0.05
61,0.3,0.2,0.05
61,0.3,0.2,0.05
61,0.3,0.2,0.05
61,0.3,0.2,0.05
61,0.3,0.2,0.05
61,0.3,0.2,0.05
61,0.3,0.2,0.05
61,0.3,0.2,0.05
61,0.3,0.2,0.05
61,0.3,0.2,0.05
61,0.3,0.2,0.05
61,0.3,0.2,0.05
61,0.3,0.2,0.05
61,0.3,0.2,0.05
61,0.3,0.2,0.05
61,0.3,0.2,0.05
61,0.3,0.2,0.05
61,0.3,0.2,0.05
61,0.3,0.2,0.05
61,0.3,0.2,0.05
61,0.3,0.2,0.05
61,0.3,0.2,0.05
61,0.3,0.2,0.05
61,0.3,0.2,0.05
61,0.3,0.2,0.05
61,0.3,0.2,0.05
61,0.3,0.2,0.05
61,0.3,0.2,0.05
61,0.3,0.2,0.05
61,0.3,0.2,0.05
61,0.3,0.2,0.05
61,0.3,0.2,0.05
61,0.3,0.2,0.05
61,0.3,0.2,0.05
61,0.3,0.2,0.05
61,0.3,0.2,0.05
61,0.3,0.2,0.05
61,0.3,0.2,0.05
61,0.3,0.2,0.05
61,0.3,0.2,0.05
61,0.3,0.2,0.05
61,0.3,0.2,0.05
61,0.3,0.2,0.05
61,0.3,0.2,0.05
61,0.3,0.2,0.05
61,0.3,0.2,0.05
61,0.3,0.2,0.05
61,0.3,0.2,0.05
61,0.3,0.2,0.05
61,0.3,0.2,0.05
61,0.3,0.2,0.05
61,0.3,0.2,0.05
61,0.3,0.2,0.05
61,0.3,0.2,0.05
61,0.3,0.2,0.05
61,0.3,0.2,0.05
61,0.3,0.2,0.05
61,0.3,0.2,0.05
61,0.3,0.2,0.05
61,0.3,0.2,0.05
61,0.3,0.2,0.05
61,0.3,0.2,0.05
61,0.3,0.2,0.05
61,0.3,0.2,0.05
61,0.3,0.2,0.05
61,0.3,0.2,0.05
61,0.3,0.2,0.05
61,0.3,0.2,0.05
61,0.3,0.2,0.05
61,0.3,0.2,0.05
61,0.3,0.2,0.05
61,0.3,0.2,0.05
61,0.3,0.2,0.05
61,0.3,0.2,0.05
61,0.3,0.2,0.05
61,0.3,0.2,0.05
61,0.3,0.2,0.05
61,0.3,0.2,0.05
61,0.3,0.2,0.05
61,0.3,0.2,0.05
61,0.3,0.2,0.05
61,0.3,0.2,0.05
61,0.3,0.2,0.05
61,0.3,0.2,0.05
61,0.3,0.2,0.05
61,0.3,0.2,0.05
61,0.3,0.2,0.05
61,0.3,0.2,0.05
61,0.3,0.2,0.05
61,0.3,0.2,0.05
61,0.3,0.2,0.05
61,0.3,0.2,0.05
62,0.3,0.2,0.25
62,0.3,0.2,0.25
62,0.3,0.2,0.25
62,0.3,0.2,0.25
62,0.3,0.2,0.25
62,0.3,0.2,0.25
62,0.3,0.2,0.25
62,0.3,0.2,0.25
62,0.3,0.2,0.25
62,0.3,0.2,0.25
62,0.3,0.2,0.25
62,0.3,0.2,0.25
62,0.3,0.2,0.25
62,0.3,0.2,0.25
62,0.3,0.2,0.25
62,0.3,0.2,0.25
62,0.3,0.2,0.25
62,0.3,0.2,0.25
62,0.3,0.2,0.25
62,0.3,0.2,0.25
62,0.3,0.2,0.25
62,0.3,0.2,0.25
62,0.3,0.2,0.25
62,0.3,0.2,0.25
62,0.3,0.2,0.25
62,0.3,0.2,0.25
62,0.3,0.2,0.25
62,0.3,0.2,0.25
62,0.3,0.2,0.25
62,0.3,0.2,0.25
62,0.3,0.2,0.25
62,0.3,0.2,0.25
62,0.3,0.2,0.25
62,0.3,0.2,0.25
62,0.3,0.2,0.25
62,0.3,0.2,0.25
62,0.3,0.2,0.25
62,0.3,0.2,0.25
62,0.3,0.2,0.25
62,0.3,0.2,0.25
62,0.3,0.2,0.25
62,0.3,0.2,0.25
62,0.3,0.2,0.25
62,0.3,0.2,0.25
62,0.3,0.2,0.25
62,0.3,0.2,0.25
62,0.3,0.2,0.25
62,0.3,0.2,0.25
62,0.3,0.2,0.25
62,0.3,0.2,0.25
62,0.3,0.2,0.25
62,0.3,0.2,0.25
62,0.3,0.2,0.25
62,0.3,0.2,0.25
62,0.3,0.2,0.25
62,0.3,0.2,0.25
62,0.3,0.2,0.25
62,0.3,0.2,0.25
62,0.3,0.2,0.25
62,0.3,0.2,0.25
62,0.3,0.2,0.25
62,0.3,0.2,0.25
62,0.3,0.2,0.25
62,0.3,0.2,0.25
62,0.3,0.2,0.25
62,0.3,0.2,0.25
62,0.3,0.2,0.25
62,0.3,0.2,0.25
62,0.3,0.2,0.25
62,0.3,0.2,0.25
62,0.3,0.2,0.25
62,0.3,0.2,0.25
62,0.3,0.2,0.25
62,0.3,0.2,0.25
62,0.3,0.2,0.25
62,0.3,0.2,0.25
62,0.3,0.2,0.25
62,0.3,0.2,0.25
62,0.3,0.2,0.25
62,0.3,0.2,0.25
62,0.3,0.2,0.25
62,0.3,0.2,0.25
62,0.3,0.2,0.25
62,0.3,0.2,0.25
62,0.3,0.2,0.25
62,0.3,0.2,0.25
62,0.3,0.2,0.25
62,0.3,0.2,0.25
62,0.3,0.2,0.25
62,0.3,0.2,0.25
62,0.3,0.2,0.25
62,0.3,0.2,0.25
62,0.3,0.2,0.25
62,0.3,0.2,0.25
62,0.3,0.2,0.25
62,0.3,0.2,0.25
62,0.3,0.2,0.25
62,0.3,0.2,0.25
62,0.3,0.2,0.25
62,0.3,0.2,0.25
63,0.3,0.2,0.5
63,0.3,0.2,0.5
63,0.3,0.2,0.5
63,0.3,0.2,0.5
63,0.3,0.2,0.5
63,0.3,0.2,0.5
63,0.3,0.2,0.5
63,0.3,0.2,0.5
63,0.3,0.2,0.5
63,0.3,0.2,0.5
63,0.3,0.2,0.5
63,0.3,0.2,0.5
63,0.3,0.2,0.5
63,0.3,0.2,0.5
63,0.3,0.2,0.5
63,0.3,0.2,0.5
63,0.3,0.2,0.5
63,0.3,0.2,0.5
63,0.3,0.2,0.5
63,0.3,0.2,0.5
63,0.3,0.2,0.5
63,0.3,0.2,0.5
63,0.3,0.2,0.5
63,0.3,0.2,0.5
63,0.3,0.2,0.5
63,0.3,0.2,0.5
63,0.3,0.2,0.5
63,0.3,0.2,0.5
63,0.3,0.2,0.5
63,0.3,0.2,0.5
63,0.3,0.2,0.5
63,0.3,0.2,0.5
63,0.3,0.2,0.5
63,0.3,0.2,0.5
63,0.3,0.2,0.5
63,0.3,0.2,0.5
63,0.3,0.2,0.5
63,0.3,0.2,0.5
63,0.3,0.2,0.5
63,0.3,0.2,0.5
63,0.3,0.2,0.5
63,0.3,0.2,0.5
63,0.3,0.2,0.5
63,0.3,0.2,0.5
63,0.3,0.2,0.5
63,0.3,0.2,0.5
63,0.3,0.2,0.5
63,0.3,0.2,0.5
63,0.3,0.2,0.5
63,0.3,0.2,0.5
63,0.3,0.2,0.5
63,0.3,0.2,0.5
63,0.3,0.2,0.5
63,0.3,0.2,0.5
63,0.3,0.2,0.5
63,0.3,0.2,0.5
63,0.3,0.2,0.5
63,0.3,0.2,0.5
63,0.3,0.2,0.5
63,0.3,0.2,0.5
63,0.3,0.2,0.5
63,0.3,0.2,0.5
63,0.3,0.2,0.5
63,0.3,0.2,0.5
63,0.3,0.2,0.5
63,0.3,0.2,0.5
63,0.3,0.2,0.5
63,0.3,0.2,0.5
63,0.3,0.2,0.5
63,0.3,0.2,0.5
63,0.3,0.2,0.5
63,0.3,0.2,0.5
63,0.3,0.2,0.5
63,0.3,0.2,0.5
63,0.3,0.2,0.5
63,0.3,0.2,0.5
63,0.3,0.2,0.5
63,0.3,0.2,0.5
63,0.3,0.2,0.5
63,0.3,0.2,0.5
63,0.3,0.2,0.5
63,0.3,0.2,0.5
63,0.3,0.2,0.5
63,0.3,0.2,0.5
63,0.3,0.2,0.5
63,0.3,0.2,0.5
63,0.3,0.2,0.5
63,0.3,0.2,0.5
63,0.3,0.2,0.5
63,0.3,0.2,0.5
63,0.3,0.2,0.5
63,0.3,0.2,0.5
63,0.3,0.2,0.5
63,0.3,0.2,0.5
63,0.3,0.2,0.5
63,0.3,0.2,0.5
63,0.3,0.2,0.5
63,0.3,0.2,0.5
63,0.3,0.2,0.5
63,0.3,0.2,0.5
